30,2.9328e-15,1.3161e-15,-7.3275e-16,82.92,74.214,62.064,-58.689,-64.701,-51.513,141.61,138.91,113.58,34.683,33.619,24.215,1202.9,1130.2,586.36,0.13106,0.19677,0.52247,2.2943,2.3233,2.8984,1192.9,1120.8,581.47,5399.7,7383.6,7325.9
30,-9.8292e-15,-2.8718e-15,7.5495e-16,69.607,65.61,65.444,-90.382,-65.198,-54.053,159.99,130.81,119.5,41.055,33.751,31.32,1685.5,1139.1,980.93,-0.47583,0.11279,-0.02009,2.2799,1.9272,1.8818,1671.4,1129.6,972.75,-32515,4282.3,-609.51
30,-3.4972e-15,1.7764e-15,2.3685e-16,80.897,79.038,47.67,-69.052,-70.144,-56.318,149.95,149.18,103.99,47.514,44.749,22.596,2257.6,2002.5,510.58,0.12353,0.11383,0.03151,1.5994,1.7141,2.5152,2238.8,1985.8,506.33,13086,10073,359
30,-1.3619e-15,3.4935e-15,2.0576e-15,73.976,65.859,42.442,-66.782,-64.863,-44.263,140.76,130.72,86.705,42.602,40.215,19.487,1814.9,1617.3,379.74,0.14681,0.0072512,-0.18837,1.6085,1.5622,2.6035,1799.8,1603.8,376.57,11209,465.73,-1376.6
30,1.6875e-15,-1.4359e-15,1.7171e-15,65.096,76.627,79.497,-63.362,-59.081,-45.934,128.46,135.71,125.43,38.456,37.194,30.824,1478.8,1383.4,950.15,0.070493,0.37031,0.81205,1.6439,2.0762,2.7919,1466.5,1371.9,942.23,3959,18816,23487
30,-1.7764e-16,1.4507e-15,-3.908e-15,58.518,79.115,68.475,-73.929,-51.186,-54.646,132.45,130.3,123.12,35.973,32.84,31.661,1294.1,1078.4,1002.4,-0.042295,0.36247,0.14131,1.7107,2.0626,2.0971,1283.3,1069.5,994.08,-1944.3,12677,4429.1
30,1.5395e-15,-4.7073e-15,-1.6579e-15,75.362,70.997,54.045,-73.001,-71.957,-38.291,148.36,142.95,92.336,43.978,40.17,19.114,1934,1613.6,365.36,0.089335,0.029082,0.2892,1.5162,1.6384,2.8479,1917.9,1600.2,362.31,7503.5,1861.6,1994.5
30,-1.2434e-15,-3.0198e-15,-1.9244e-15,74.288,77.849,57.167,-75.68,-76.914,-54.032,149.97,154.76,111.2,47.473,45.94,22.599,2253.7,2110.5,510.69,0.051543,-0.034024,0.046149,1.583,1.6983,2.7241,2234.9,2092.9,506.44,5445.8,-3257.7,525.96
30,-2.6645e-15,2.7089e-15,-1.3027e-15,53.246,57.499,70.627,-71.907,-63.885,-39.534,125.15,121.38,110.16,35.102,32.476,26.456,1232.2,1054.7,699.94,-0.28742,-0.017741,0.55712,1.9405,1.91,2.5956,1221.9,1045.9,694.11,-12277,-600.12,10188
30,3.1974e-15,-5.2995e-15,2.6497e-15,72.164,79.424,63.404,-79.594,-72.596,-45.871,151.76,152.02,109.27,44.885,40.807,23.845,2014.6,1665.2,568.61,-0.14009,0.26025,0.3873,1.6743,2.028,2.7822,1997.9,1651.3,563.87,-12510,17464,5185.7
30,-5.3291e-16,2.3093e-15,-2.1834e-16,78.365,71.314,55.195,-71.84,-67.669,-41.366,150.21,138.98,96.561,43.365,41.911,26.97,1880.5,1756.5,727.39,0.14685,-0.042896,0.4199,1.7179,1.6843,1.9679,1864.9,1741.9,721.33,11826,-3118.5,8134.8
30,2.5905e-16,1.7764e-15,2.6645e-16,56.847,52.352,79.369,-66.669,-57.173,-38.958,123.52,109.53,118.33,35.254,30.264,24.763,1242.8,915.9,613.22,-0.024227,-0.036748,0.98599,1.6475,1.9327,3.933,1232.5,908.26,608.11,-1048.3,-1005.9,14786
30,-1.5987e-15,1.8948e-15,2.8422e-15,61.177,64.663,74.796,-61.55,-53.976,-53.023,122.73,118.64,127.82,34.646,32.014,28.348,1200.3,1024.9,803.6,-0.014083,0.29037,0.86442,1.6943,1.9238,3.5622,1190.3,1016.3,796.9,-578.34,9408.2,19446
30,1.9096e-15,-2.1316e-15,1.6579e-15,63.198,60.933,72.548,-70.295,-60.921,-35.411,133.49,121.85,107.96,38.585,34.938,29.043,1488.8,1220.7,843.49,-0.13744,0.055681,1.0632,1.7478,1.7858,2.8917,1476.4,1210.5,836.46,-7797,2345,25722
30,5.2699e-15,9.1778e-16,1.8874e-15,71.894,63.988,68.744,-71.15,-58.433,-37.192,143.04,122.42,105.94,36.905,29.896,21.245,1362,893.79,451.33,-0.16477,0.044715,0.94041,2.0325,2.3676,3.8622,1350.7,886.34,447.57,-8178.9,1179.9,8904.6
30,-2.3315e-15,1.7764e-15,3.3159e-15,56.47,55.757,58.748,-65.702,-58.321,-39.566,122.17,114.08,98.314,32.132,31.365,21.813,1032.5,983.75,475.8,-0.22131,-0.0046202,0.7811,1.8872,2.004,2.9654,1023.9,975.56,471.83,-7250.5,-140.78,8005.6
30,1.7468e-15,9.4739e-16,3.227e-15,63.3,61.849,38.223,-68.282,-61.855,-43.879,131.58,123.7,82.101,39.27,38.334,18.002,1542.1,1469.5,324.07,-0.077566,-0.14719,0.056043,1.6045,1.5592,2.5722,1529.3,1457.3,321.37,-4638.8,-8188.5,322.87
30,1.4211e-15,1.2434e-15,6.5133e-16,65.227,68.916,58.972,-86.682,-74.988,-48.966,151.91,143.9,107.94,43.804,41.95,21.048,1918.8,1759.8,443.03,-0.25744,-0.092575,0.48008,1.8297,1.804,3.0803,1902.8,1745.1,439.34,-21368,-6748.9,4420.9
30,-2.6645e-15,1.8356e-15,3.5527e-16,60.346,57.687,55.33,-72.833,-67.594,-35.725,133.18,125.28,91.054,38.477,36.346,21.967,1480.5,1321,482.57,-0.22694,-0.26949,0.5787,1.7445,1.8365,2.4639,1468.2,1310,478.55,-12767,-12778,6058.1
30,1.7764e-15,-1.1842e-16,4.5001e-15,65.473,68.024,72.511,-82.341,-83.071,-40.754,147.81,151.1,113.26,43.242,40.122,25.344,1869.9,1609.8,642.32,-0.13817,-0.14593,0.83157,1.5555,1.7482,2.9111,1854.3,1596.4,636.97,-11032,-9307.9,13368
30,3.4639e-15,7.6975e-16,-1.0658e-15,53.935,53.164,36.431,-57.676,-56.074,-32.825,111.61,109.24,69.256,37.088,34.079,16.201,1375.5,1161.4,262.47,-0.052648,0.030681,0.061091,1.4716,1.6182,2.5319,1364.1,1151.7,260.29,-2652.4,1199.2,256.54
30,3.227e-15,7.6975e-16,1.0066e-15,55.887,59.445,69.745,-68.97,-67.028,-41.812,124.86,126.47,111.56,41.017,35.76,19.008,1682.4,1278.8,361.31,-0.22965,0.0091051,0.56853,1.5617,1.7954,3.6928,1668.4,1268.1,358.3,-15650,411.16,3855.9
30,-2.5461e-15,-2.6645e-15,2.6645e-16,69.166,58.628,80.929,-60.376,-61.161,-41.186,129.54,119.79,122.11,41.446,32.619,27.292,1717.8,1064,744.87,0.092516,-0.22034,1.1072,1.4852,1.92,3.4492,1703.5,1055.1,738.66,6504.5,-7551.8,22228
30,2.3389e-15,9.4739e-16,-2.6127e-15,62.945,67.189,45.804,-65.017,-57.652,-53.781,127.96,124.84,99.585,37.37,34.058,22.441,1396.5,1160,503.59,0.12586,0.0755,-0.208,1.7568,2.0021,2.5748,1384.9,1150.3,499.39,6486.1,2945.6,-2321.2
30,-3.5527e-15,3.2344e-15,5.9212e-15,67.025,59.376,66.777,-67.598,-69.61,-39.316,134.62,128.99,106.09,42.173,35.661,21.766,1778.5,1271.7,473.75,-0.11603,-0.020828,0.7827,1.4551,1.7849,3.2063,1763.7,1261.1,469.8,-8594,-932.75,7970.2
30,1.1842e-16,1.9244e-15,2.0576e-15,73.547,69.675,47.656,-69.273,-64.886,-50.391,142.82,134.56,98.047,40.008,37.137,22.298,1600.7,1379.2,497.22,0.11808,-0.16529,0.098943,1.6472,1.8084,2.3201,1587.3,1367.7,493.08,7467.5,-8360.5,1083.3
30,-3.6711e-15,-3.0198e-15,-1.1842e-16,68.074,62.849,67.468,-63.547,-75.071,-44.658,131.62,137.92,112.13,35.571,33.842,27.068,1265.3,1145.3,732.7,0.069044,-0.04658,0.58395,1.8533,2.0498,2.776,1254.7,1135.8,726.6,3068.6,-1782.9,11437
30,3.5527e-15,-3.3455e-15,-6.8094e-16,64.537,66.682,39.714,-66.428,-62.717,-40.94,130.96,129.4,80.653,41.898,38.364,18.267,1755.4,1471.8,333.68,-0.081323,0.211,-0.21688,1.5136,1.6908,2.6837,1740.8,1459.5,330.9,-5906.5,11765,-1305.5
30,-6.5133e-16,-1.3027e-15,1.0362e-16,68.159,65.928,40.512,-62.923,-65.243,-36.089,131.08,131.17,76.601,43.441,38.883,18.506,1887.1,1511.9,342.48,0.13767,0.11484,0.28753,1.5183,1.7433,2.3571,1871.4,1499.3,339.63,11145,6667.2,1799.6
30,4.0856e-15,5.862e-15,1.3471e-15,77.814,67.058,47.515,-65.64,-73.562,-40.433,143.45,140.62,87.948,44.098,39.862,20.132,1944.6,1589,405.31,0.1129,0.061752,0.036463,1.5525,1.7773,2.4029,1928.4,1575.7,401.93,9560.7,3862.6,293.82
30,3.1678e-15,-5.0922e-15,4.2633e-15,76.577,76.613,44.968,-70.206,-65.677,-48.478,146.78,142.29,93.446,45.486,42.745,19.524,2069,1827.1,381.17,0.20288,0.23163,0.077091,1.5525,1.661,2.5549,2051.7,1811.9,377.99,18855,17865,566.54
30,-3.1678e-15,-1.3027e-15,-4.959e-16,68.779,71.427,42.201,-63.943,-63.731,-38.978,132.72,135.16,81.18,44.217,41.668,17.885,1955.2,1736.3,319.86,0.084703,-0.021756,-0.086872,1.5358,1.6089,2.6963,1938.9,1721.8,317.19,7231.4,-1554.3,-490.75
30,1.6579e-15,-6.2172e-16,-1.4211e-15,71.812,76.117,44.686,-80.421,-75.16,-48.251,152.23,151.28,92.936,49.731,42.529,20.073,2473.2,1808.7,402.91,-0.14082,-0.11717,0.15196,1.5662,1.8022,2.6058,2452.6,1793.7,399.55,-17103,-8901.1,1213.6
30,1.3027e-15,-3.8784e-15,-8.8818e-16,70.162,64.892,47.42,-70.773,-63.684,-43.182,140.93,128.58,90.602,42.942,41.079,17.045,1844,1687.5,290.55,0.018619,-0.028948,-0.016293,1.5702,1.6118,2.6806,1828.6,1673.5,288.12,1455.9,-1981.7,-79.683
30,2.6053e-15,-2.1686e-15,2.2945e-15,67.336,67.895,47.334,-72.906,-73.08,-35.79,140.24,140.97,83.124,44.628,42.72,18.924,1991.6,1825,358.12,-0.16412,-0.11881,0.29387,1.529,1.7293,2.6181,1975.1,1809.8,355.13,-14406,-9147.4,1966.7
30,-4.1448e-16,2.9606e-16,4.1448e-16,60.339,58.445,50.026,-65.716,-58.574,-50.274,126.05,117.02,100.3,41.433,32.805,20.487,1716.7,1076.2,419.71,-0.12485,-0.06962,0.33535,1.4475,1.7433,2.7584,1702.4,1067.2,416.21,-8769.1,-2427.3,2847.6
30,1.0658e-15,2.6053e-15,-1.0362e-15,76.946,66.519,48.706,-57.418,-67.839,-54.261,134.36,134.36,102.97,42.669,39.716,20.619,1820.7,1577.3,425.14,0.21099,-0.11373,-0.051131,1.575,1.6727,2.807,1805.5,1564.2,421.59,16186,-7035.6,-442.61
30,2.6645e-15,-1.4803e-15,2.9236e-16,64.124,80.338,63.104,-73.406,-66.578,-40.989,137.53,146.92,104.09,45.744,41.847,19.797,2092.5,1751.2,391.92,-0.18536,0.10835,0.29561,1.5089,1.7733,2.9317,2075.1,1736.6,388.66,-17522,7840.7,2265
30,-6.5133e-16,4.3817e-15,1.3249e-15,69.486,65.942,49.704,-68.942,-72.725,-51.207,138.43,138.67,100.91,45.66,41.881,19.69,2084.9,1754,387.72,0.013522,-0.073386,0.15093,1.4288,1.566,2.8723,2067.5,1739.4,384.48,1271.2,-5323.7,1137.9
30,-8.2897e-16,-2.2501e-15,-7.4015e-16,63.509,64.335,55.982,-86.986,-70.205,-45.737,150.49,134.54,101.72,44.884,41.016,21.222,2014.5,1682.4,450.38,-0.38247,-0.1451,0.049949,1.7293,1.7123,2.5075,1997.7,1668.3,446.63,-34152,-9887.6,471.46
30,-8.1601e-16,-1.3027e-15,1.014e-15,76.859,71.358,48.733,-65.333,-75.124,-45.377,142.19,146.48,94.11,44.984,42.27,21.584,2023.6,1786.8,465.88,0.17738,-0.13932,0.041702,1.6329,1.6772,2.5538,2006.7,1771.9,462,15945,-10391,414.11
30,-1.1842e-15,-5.9212e-16,1.7764e-16,83.079,75.38,43.412,-71.8,-69.848,-45.493,154.88,145.23,88.905,47.317,43.696,20.221,2238.9,1909.3,408.88,0.21692,-0.044561,-0.063454,1.6519,1.5948,2.5998,2220.2,1893.4,405.48,22693,-3671.4,-518.09
30,1.4211e-15,6.5133e-16,-4.1448e-16,73.869,70.456,41.135,-72.968,-74.638,-50.619,146.84,145.09,91.755,44.889,43.769,20.344,2015,1915.7,413.87,-0.012728,-0.13398,-0.27227,1.6554,1.725,2.4924,1998.3,1899.8,410.42,-1136.9,-11094,-2263.8
30,2.087e-15,3.0198e-15,-3.2104e-15,68.66,64.147,62.675,-65.754,-59.881,-44.1,134.41,124.03,106.78,41.416,34.638,24.113,1715.3,1199.8,581.43,0.12562,-0.024685,0.72487,1.5341,1.8778,3.1023,1701,1189.8,576.59,8812.9,-1013.1,10036
30,-2.4277e-15,-2.0486e-15,-4.1448e-16,58.822,60.681,37.27,-63.753,-57.399,-42.729,122.57,118.08,79.999,40.675,35.127,17.169,1654.4,1233.9,294.79,-0.21665,-0.047572,-0.159,1.5094,1.7633,2.6114,1640.7,1223.7,292.33,-14398,-2036.3,-794.71
30,1.7764e-16,7.1054e-16,-1.5192e-15,74.384,68.717,66.696,-64.045,-57.848,-42.535,138.43,126.57,109.23,39.455,35.539,24.239,1556.7,1263,587.53,0.20496,0.1615,0.87586,1.6159,1.7594,3.5303,1543.7,1252.5,582.64,12431,7158.7,12318
30,1.4655e-15,-1.1546e-15,7.9936e-16,61.434,55.604,55.805,-73.769,-80.112,-70.122,135.2,135.72,125.93,35.446,34.291,28.851,1256.4,1175.9,832.4,-0.024071,-0.44031,-0.18023,1.94,2.3072,2.3967,1246,1166.1,825.46,-1058.6,-17533,-4274.4
30,-4.5889e-15,-1.7171e-15,-5.9582e-16,60.96,66.178,38.44,-69.732,-55.548,-42.368,130.69,121.73,80.809,39.163,36.517,17.83,1533.7,1333.5,317.9,-0.16726,0.18993,-0.03768,1.597,1.6187,2.5018,1521,1322.4,315.26,-9921.5,9133.4,-210.91
30,2.4869e-15,1.5839e-15,-3.5268e-15,79.088,70.981,55.764,-61.713,-58.008,-37.192,140.8,128.99,92.956,41.448,38.319,21.496,1718,1468.4,462.09,0.32736,0.11311,0.48561,1.7869,1.6898,2.7092,1703.6,1456.1,458.24,23019,6284.7,4763.5
30,-1.7764e-16,-1.8282e-15,-3.2567e-15,78.24,69.089,32.155,-69.11,-66.906,-53.601,147.35,135.99,85.757,45.443,40.839,22.046,2065.1,1667.8,486.02,0.18758,-0.0003418,-0.87496,1.5224,1.7826,2.6321,2047.9,1653.9,481.97,17384,-22.99,-9258.1
30,-2.0132e-15,1.6579e-15,1.5321e-15,74.695,81.833,48.014,-79.778,-73.814,-50.952,154.47,155.65,98.966,49.333,47.334,21.063,2433.7,2240.6,443.65,-0.063296,0.059055,-0.057819,1.6053,1.6374,2.6933,2413.5,2221.9,439.95,-7504.7,6185,-533.55
30,-2.1316e-15,-3.8192e-15,-1.6579e-15,77.179,58.033,50.775,-62.73,-68.005,-40.743,139.91,126.04,91.517,44.163,38.195,19.91,1950.4,1458.8,396.39,0.21338,-0.12231,0.19667,1.5268,1.7765,2.6492,1934.1,1446.7,393.09,18151,-6730.3,1532.7
30,4.885e-15,-2.3685e-16,-6.8094e-16,64.806,55.37,54.519,-69.293,-66.568,-36.596,134.1,121.94,91.116,40.311,37.575,18.623,1625,1411.9,346.81,0.046323,-0.34826,0.51941,1.7392,1.7856,3.0593,1611.4,1400.1,343.92,2996.5,-18246,3312.9
30,-2.5461e-15,-4.9146e-15,1.6283e-16,69.845,65.95,45.249,-68.659,-68.791,-54.366,138.5,134.74,99.615,41.327,38.295,21.968,1707.9,1466.5,482.59,0.066118,-0.14215,-0.14378,1.5655,1.6758,2.7824,1693.7,1454.3,478.57,4608.6,-7883.2,-1505.3
30,-1.7171e-15,4.5297e-15,1.4655e-15,72.253,63.891,45.928,-70.5,-69.295,-42.838,142.75,133.19,88.766,44.95,38.931,19.711,2020.5,1515.6,388.51,-0.03594,0.014196,0.05662,1.5115,1.7048,2.5701,2003.6,1503,385.27,-3223.3,827.17,428.17
30,9.4739e-16,1.1842e-16,-5.4475e-15,72.776,65.252,54.671,-62.68,-65.907,-39.629,135.46,131.16,94.299,42.163,39.014,21.664,1777.7,1522.1,469.34,0.2054,-0.046785,0.17174,1.5852,1.7609,2.591,1762.9,1509.4,465.43,15204,-2743.6,1724.4
30,3.3751e-15,5.7732e-16,-1.125e-15,66.85,68.495,43.363,-71.123,-73.297,-45.029,137.97,141.79,88.392,44.575,40.388,20.318,1986.9,1631.2,412.82,-0.1615,-0.16537,-0.17152,1.5095,1.7837,2.5143,1970.4,1617.6,409.38,-14125,-10758,-1420.7
30,3.227e-15,-6.5133e-16,-1.4951e-15,63.945,65.508,39.207,-71.057,-56.314,-45.408,135,121.82,84.615,42.977,32.08,17.08,1847,1029.1,291.73,-0.032129,0.22364,-0.20878,1.5316,2.0112,2.931,1831.7,1020.5,289.3,-2518.6,7291,-1027.3
30,-1.1842e-16,1.9068e-15,-1.5136e-15,69.027,71.526,46.543,-72.49,-71.91,-41.606,141.52,143.44,88.149,41.859,40.16,19.206,1752.2,1612.8,368.87,0.14255,-5.9388e-05,0.12066,1.6105,1.7612,2.3841,1737.6,1599.4,365.8,10325,-3.7985,844.15
30,-1.6579e-15,-5.9212e-16,8.2897e-16,60.956,63.297,51.974,-67.807,-64.364,-41.444,128.76,127.66,93.418,42.47,38.98,19.342,1803.7,1519.4,374.12,-0.13363,0.02636,0.1435,1.5121,1.5826,2.9899,1788.7,1506.7,371,-10109,1541.7,1025.5
30,-1.2731e-15,0,-1.5395e-15,70.243,66.369,48.002,-68.987,-72.875,-40.189,139.23,139.24,88.19,43.852,39.236,18.018,1923,1539.5,324.63,-0.084871,-0.048169,0.37185,1.5088,1.7201,2.9683,1907,1526.7,321.93,-7067.6,-2873.3,2147.8
30,-2.3685e-15,2.3093e-15,-2.8126e-16,62.506,71.097,47.995,-82.297,-71.228,-51.338,144.8,142.32,99.333,46.616,42.689,20.662,2173.1,1822.4,426.9,-0.36911,-0.029002,-0.18821,1.6428,1.7282,2.5534,2155,1807.2,423.34,-36924,-2228.1,-1639.4
30,2.1908e-15,2.3093e-15,1.0066e-15,67.828,73.734,51.268,-77.738,-68.67,-40.566,145.57,142.4,91.835,44.704,42.478,20.055,1998.5,1804.4,402.19,-0.12457,-0.019539,0.34804,1.6514,1.6583,2.558,1981.8,1789.3,398.84,-10990,-1478.9,2772.3
30,2.0724e-15,2.5461e-15,-2.1316e-15,70.253,61.202,54.098,-71.443,-67.679,-35.563,141.7,128.88,89.661,44.545,40.944,19.614,1984.2,1676.5,384.72,0.042455,-0.092798,0.42006,1.5348,1.6458,2.6576,1967.7,1662.5,381.51,3705.7,-6290.3,3130.3
30,4.7073e-15,4.1448e-15,3.3603e-15,83.117,77.041,48,-71.689,-76.069,-47.95,154.81,153.11,95.95,45.597,42.603,20.736,2079.1,1815,429.96,0.15801,0.13326,-0.1405,1.6781,1.7119,2.7837,2061.7,1799.9,426.38,14792,10176,-1237
30,-9.4739e-16,-2.783e-15,4.2096e-15,74.227,67.736,49.401,-85.428,-82.464,-50.807,159.65,150.2,100.21,47.839,45.808,22.128,2288.6,2098.4,489.66,-0.14411,-0.087836,-0.092387,1.6619,1.5347,2.8105,2269.5,2080.9,485.58,-15580,-8337.8,-988.55
30,4.737e-16,-2.0428e-15,-1.5099e-15,64.798,59.191,55.568,-66.338,-62.316,-39.005,131.14,121.51,94.573,41.243,37.339,21.786,1701,1394.2,474.65,0.039174,-0.17483,0.27871,1.4942,1.6901,2.5827,1686.8,1382.6,470.69,2713.9,-8988,2846.1
30,2.5165e-16,6.987e-15,5.9027e-16,70.254,71.416,51.74,-71.338,-66.439,-47.32,141.59,137.86,99.06,43.019,41.351,20.608,1850.7,1709.9,424.71,-0.068146,0.13357,-0.18358,1.6842,1.6674,2.8738,1835.2,1695.6,421.17,-5357.7,9326.4,-1586.8
30,8.2897e-16,1.8356e-15,-2.2649e-15,65.78,61.401,68.198,-60.713,-64.755,-35.128,126.49,126.16,103.33,39.571,36.756,18.962,1565.9,1351,359.55,0.17286,-0.066452,0.96399,1.6223,1.8059,4.4376,1552.8,1339.7,356.55,10578,-3258.6,6490.2
30,4.5593e-15,4.204e-15,-1.806e-15,67.363,72.557,42.39,-68.465,-66.367,-45.054,135.83,138.92,87.443,43.865,41.84,19.32,1924.2,1750.6,373.27,-0.048265,-0.020056,0.0069129,1.4465,1.5622,2.5262,1908.1,1736,370.16,-4022.9,-1450.7,49.232
30,-1.5395e-15,1.6875e-15,5.3291e-16,70.533,63.298,44.311,-63.696,-65.824,-41.401,134.23,129.12,85.712,45.273,40.812,19.19,2049.6,1665.6,368.26,0.099513,-0.098114,0.13317,1.4348,1.5518,2.7647,2032.6,1651.7,365.19,9118.9,-6586.2,929.4
30,1.1842e-16,5.8028e-15,-2.1316e-15,64.367,66.338,50.128,-67.571,-59.643,-37.102,131.94,125.98,87.23,40.769,36.628,22.998,1662.1,1341.6,528.9,-0.016593,-0.036144,0.37678,1.4894,1.6789,1.6892,1648.2,1330.5,524.49,-1110.3,-1754,4525.9
30,-3.8488e-15,-2.5609e-15,3.9672e-15,67.557,73.97,49.063,-68.215,-67.54,-41.419,135.77,141.51,90.482,41.973,40.407,18.261,1761.7,1632.8,333.45,-0.090887,0.077789,0.12892,1.6196,1.7314,2.8818,1747,1619.2,330.67,-6636.8,5068.2,775.24
30,9.77e-16,3.1974e-15,-6.9574e-16,69.873,62.963,45.012,-68.93,-64.117,-41.146,138.8,127.08,86.157,47.2,39.886,19.185,2227.9,1590.9,368.06,-0.035978,0.072919,0.11959,1.452,1.6528,2.6396,2209.3,1577.6,364.99,-3736,4569.2,833.9
30,2.1316e-15,2.2204e-15,-3.3899e-15,66.647,66.976,51.555,-77.967,-70.501,-42.699,144.61,137.48,94.254,42.519,37.958,24.794,1807.9,1440.8,614.75,-0.02753,0.055929,0.225,1.5248,1.7494,1.8613,1792.8,1428.8,609.63,-2089.8,3020.6,3386.8
30,-5.9212e-17,-2.8126e-15,-1.0066e-15,80.754,70.953,41.679,-74.769,-74.014,-46.28,155.52,144.97,87.959,47.034,39.906,21.19,2212.2,1592.5,449,0.16407,-0.055955,-0.1025,1.5398,1.8143,2.318,2193.8,1579.3,445.26,16859,-3511.7,-963.07
30,1.7171e-15,-2.9014e-15,1.9836e-15,68.247,72.242,51.606,-66.306,-58.991,-42.238,134.55,131.23,93.844,46.134,41.08,19.857,2128.4,1687.5,394.28,-0.012094,0.20407,0.028793,1.3874,1.6978,2.5448,2110.6,1673.5,391,-1172.7,13971,222.61
30,-2.3685e-16,-1.8948e-15,-2.7237e-15,71.412,71.121,52.855,-78.359,-72.613,-45.283,149.77,143.73,98.138,44.649,40.161,20.548,1993.5,1612.9,422.2,0.023939,-0.03997,0.054788,1.5402,1.6652,2.9397,1976.9,1599.4,418.68,2104.2,-2556.8,469.37
30,2.4277e-15,-2.4869e-15,-3.4491e-15,69.51,68.338,44.771,-71.154,-65.661,-46.724,140.66,134,91.495,43.499,39.585,21.032,1892.1,1567,442.35,-0.10532,0.088271,-0.027192,1.5904,1.7935,2.5809,1876.4,1553.9,438.66,-8560,5407.1,-249.82
30,-1.4803e-15,3.3159e-15,-2.2797e-15,68.378,71.278,49.454,-75.937,-71.456,-44.969,144.32,142.73,94.424,44.805,41.583,20.438,2007.5,1729.2,417.71,-0.11691,0.027767,-0.0018352,1.5333,1.6958,2.6724,1990.7,1714.8,414.23,-10384,1971.7,-15.472
30,1.2434e-15,2.8422e-15,-2.7534e-15,60.864,62.599,97.47,-54.496,-64.396,-26.911,115.36,127,124.38,36.014,34.984,21.242,1297,1223.9,451.23,0.052037,0.03271,1.8825,1.6905,1.7714,7.2189,1286.2,1213.7,447.47,2400.4,1383.1,17819
30,1.1842e-15,3.1086e-15,1.8726e-15,54.004,59.595,50.06,-63.098,-57.487,-28.836,117.1,117.08,78.897,36.19,33.015,16.836,1309.7,1090,283.45,-0.25861,0.018192,0.60422,1.6346,1.7506,3.1709,1298.8,1080.9,281.09,-12105,646.49,2847.4
30,8.2897e-16,-3.1086e-16,1.4803e-15,68.376,71.767,38.802,-68.897,-61.779,-50.615,137.27,133.55,89.418,45.176,40.395,16.731,2040.8,1631.8,279.91,0.015178,0.081473,0.076783,1.4567,1.6203,3.0149,2023.8,1618.2,277.58,1381.9,5303.4,355.09
30,3.5231e-15,-2.783e-15,-2.1908e-15,71.025,63.714,50.16,-66.117,-65.652,-45.785,137.14,129.37,95.945,43.774,39.238,21.966,1916.1,1539.6,482.5,0.10919,-0.063245,0.43933,1.4856,1.6289,2.3851,1900.2,1526.8,478.48,9044.5,-3773.1,4598.3
30,9.4739e-16,2.8718e-15,2.3093e-15,65.31,69.103,51.039,-60.447,-58.167,-41.535,125.76,127.27,92.573,39.788,35.716,19.933,1583.1,1275.6,397.31,0.052546,0.12882,0.13481,1.576,1.7382,3.08,1569.9,1265,393.99,3268.4,5796,1054.3
30,3.7896e-15,-2.6645e-16,-4.4039e-16,69.182,75.191,42.726,-80.977,-72.671,-67.882,150.16,147.86,110.61,44.424,43.717,20.211,1973.5,1911.2,408.46,-0.15052,0.026978,-0.2029,1.6907,1.5791,3.0863,1957.1,1895.3,405.06,-13031,2226,-1654.1
30,-3.5527e-16,5.9212e-17,-1.3175e-15,61.029,58.302,60.933,-62.235,-69.643,-40.794,123.26,127.95,101.73,36.989,34.088,21.465,1368.2,1162,460.75,-0.13421,-0.16838,0.44305,1.6113,1.8693,2.4632,1356.8,1152.3,456.91,-6707.6,-6586.6,4327.1
30,2.6053e-15,1.4211e-15,-5.3291e-16,71.205,57.342,53.256,-66.995,-64.975,-37.192,138.2,122.32,90.447,43.674,33.708,18.467,1907.4,1136.3,341.03,0.095621,-0.13158,0.38783,1.48,2.0319,2.6571,1891.5,1126.8,338.19,7866.4,-4977,2412
30,5.3883e-15,-2.3685e-16,7.4015e-17,68.948,75.064,52.149,-81.274,-68.33,-48.976,150.22,143.39,101.13,45.104,39.99,20.75,2034.4,1599.2,430.56,-0.24544,0.14437,0.076479,1.6259,1.8351,2.6709,2017.4,1585.9,426.98,-22240,9117.7,674.76
30,-2.3685e-16,1.4803e-17,1.0954e-15,71.467,64.842,55.875,-57.395,-65.493,-57.24,128.86,130.34,113.11,39.294,36.686,19.806,1544,1345.9,392.27,0.23524,-0.12226,-0.19079,1.6854,1.8248,3.6738,1531.2,1334.7,389,14094,-5961.3,-1463.8
30,-1.5987e-15,-3.3159e-15,-2.1316e-15,64.738,61.446,71.471,-72.725,-81.765,-51.768,137.46,143.21,123.24,40.62,34.514,32.437,1650,1191.2,1052.2,0.011825,-0.14535,0.29112,1.5995,2.1919,2.1351,1636.3,1181.3,1043.4,782.66,-5901.7,9811.9
30,8.2897e-16,5.9212e-16,-2.6349e-15,76.033,70.495,69.947,-75.592,-70.039,-49.711,151.63,140.53,119.66,45.153,40.301,28.309,2038.8,1624.2,801.37,0.019749,0.013464,0.52184,1.6296,1.8031,2.357,2021.8,1610.7,794.69,1795.4,870.34,11691
30,-5.6251e-16,-3.1974e-15,1.6283e-16,71.325,75.718,47.07,-63.086,-62.169,-41.213,134.41,137.89,88.283,41.062,38.772,19.571,1686.1,1503.3,383.03,0.035707,0.14427,0.25651,1.6328,1.8893,2.6241,1672.1,1490.8,379.84,2441.3,8303.8,1898.9
30,1.1842e-16,8.2897e-16,-1.4211e-15,65.977,84.518,81.579,-85.932,-63.839,-55.744,151.91,148.36,137.32,43.64,39.45,36.205,1904.5,1556.3,1310.8,-0.10215,0.3208,0.3954,1.6917,1.958,1.944,1888.6,1543.3,1299.9,-8384.2,19450,18530
30,1.1842e-16,5.8287e-16,2.5757e-15,72.888,67.171,46.291,-74.975,-76.03,-57.114,147.86,143.2,103.4,44.725,43.34,20.845,2000.3,1878.4,434.5,-0.01526,-0.27322,-0.28863,1.6036,1.7317,3.1063,1983.7,1862.7,430.88,-1348.2,-21966,-2581.5
30,-1.1842e-15,-5.3291e-16,9.77e-16,67.478,69.203,35.248,-66.082,-57.181,-44.217,133.56,126.38,79.465,41.934,37.804,18.388,1758.5,1429.1,338.12,-0.034946,0.15824,-0.14173,1.4418,1.5991,2.734,1743.8,1417.2,335.3,-2544.7,8442.5,-870.21
30,1.3027e-15,-1.7764e-16,5.7732e-16,64.555,72.477,52.245,-69.905,-68.788,-38.204,134.46,141.27,90.448,44.989,39.105,19.31,2024,1529.2,372.87,-0.12935,-0.044605,-0.0013019,1.5197,1.8375,2.6807,2007.1,1516.5,369.76,-11631,-2634.1,-9.2564
30,3.7896e-15,-3.6415e-15,-1.0362e-15,68.769,67.835,70.646,-89.197,-78.714,-43.148,157.97,146.55,113.79,46.251,42.2,24.677,2139.2,1780.9,608.97,-0.23174,-0.23755,0.38346,1.7033,1.802,2.4914,2121.3,1766,603.89,-22642,-17630,5690.7
30,-2.783e-15,-2.3685e-15,1.5543e-15,52.683,54.412,36.701,-66.623,-55.999,-39.42,119.31,110.41,76.121,36.206,34.577,17.391,1310.9,1195.6,302.43,-0.33844,-0.043375,-0.12497,1.6727,1.4917,2.7045,1299.9,1185.6,299.91,-15862,-1770.7,-649.08
30,1.8356e-15,1.5432e-15,-3.1086e-15,71.027,62.961,54.916,-66.431,-70.064,-44.391,137.46,133.03,99.307,39.293,35.491,26.995,1544,1259.6,728.75,0.040251,0.0048148,0.27079,1.6938,1.8041,1.952,1531.1,1249.1,722.67,2411.5,212.56,5260.7
60,3.9672e-15,-3.042e-15,-1.3619e-15,57.316,64.219,51.113,-74.31,-66.443,-35.956,131.63,130.66,87.069,42.951,39.554,19.931,1844.8,1564.5,397.25,-0.32059,-0.012261,0.18061,1.6122,1.6228,2.5994,1829.4,1551.4,393.94,-25084,-749.24,1412.2
60,-3.908e-15,1.0806e-15,2.1612e-15,66.698,63.041,39.33,-66.675,-63.427,-39.015,133.37,126.47,78.344,41.541,35.797,17.307,1725.6,1281.4,299.54,0.049506,-0.00015875,-0.025445,1.5668,1.6999,2.781,1711.3,1270.8,297.05,3504.6,-7.1916,-130.27
60,4.737e-16,2.2501e-15,8.8818e-16,83.565,81.235,51.915,-87.2,-71.058,-47.557,170.77,152.29,99.472,52.161,45.709,22.001,2720.8,2089.3,484.06,0.046545,0.1448,-0.1393,1.4669,1.7255,2.3612,2698.1,2071.9,480.02,6523.3,13656,-1465.1
60,-3.5527e-15,6.5133e-16,2.9606e-16,80.534,73.92,54.698,-82.55,-80.905,-58.243,163.08,154.83,112.94,52.788,47.816,23.706,2786.6,2286.3,561.97,-0.064457,-0.064535,-0.015557,1.4412,1.6587,2.5899,2763.4,2267.3,557.29,-9363.3,-6967,-204.66
60,-2.1316e-15,5.3291e-16,-3.227e-15,81.853,82.995,54.961,-78.372,-65.645,-55.155,160.23,148.64,110.12,48.924,45.893,22.415,2393.5,2106.2,502.42,0.016641,0.21954,0.034344,1.5504,1.6955,2.6255,2373.6,2088.6,498.24,1924.4,20955,381.95
60,-1.236e-15,-1.0066e-15,1.7023e-15,81.519,73.525,51.432,-73.028,-74.03,-43.719,154.55,147.55,95.151,46.791,40.215,20.784,2189.4,1617.3,431.99,0.23735,0.05776,0.44325,1.7713,1.9169,2.8711,2171.1,1603.8,428.39,24012,3709.8,3930.1
60,2.6053e-15,-2.7534e-15,1.0973e-15,62.788,60.841,44.232,-70.726,-64.165,-43.261,133.51,125.01,87.494,42.704,39.274,19.014,1823.7,1542.5,361.54,-0.12312,-0.22726,0.017462,1.5407,1.6122,2.6173,1808.5,1529.6,358.52,-9468.8,-13596,118.54
60,-3.5527e-15,-1.6579e-15,-1.4507e-15,75.567,80.611,49.762,-82.962,-75.226,-50.143,158.53,155.84,99.905,50.376,42.396,22.07,2537.8,1797.4,487.09,-0.11439,0.12112,0.16685,1.5214,1.8991,2.6016,2516.6,1782.4,483.03,-14441,9114.6,1771.2
60,7.1054e-16,-2.3759e-15,5.9212e-17,62.749,63.663,42.347,-59.907,-61.408,-38.68,122.66,125.07,81.027,39.861,36.688,17.478,1588.9,1346,305.48,0.0074863,0.040301,0.072725,1.5147,1.7173,2.6431,1575.7,1334.8,302.94,468.24,1965.3,383.46
60,-7.6975e-16,1.1694e-15,1.9836e-15,65.129,59.955,49.343,-58.146,-59.528,-40.094,123.27,119.48,89.437,40.531,36.888,17.553,1642.8,1360.7,308.11,0.1329,-0.029169,0.18713,1.5654,1.6477,3.0725,1629.1,1349.4,305.54,8738.5,-1445.8,999.44
60,-1.3323e-16,-3.4343e-15,2.9606e-17,58.834,57.721,35.826,-60.82,-61.588,-42.208,119.65,119.31,78.034,39.21,36.841,18.236,1537.5,1357.2,332.57,-0.06228,-0.00922,-0.25522,1.471,1.5454,2.3847,1524.6,1345.9,329.8,-3707.7,-455.26,-1528.6
60,-1.0066e-15,4.737e-16,-6.5133e-16,67.844,55.693,43.178,-61.515,-60.224,-38.474,129.36,115.92,81.651,39.586,33.603,16.689,1567.1,1129.2,278.51,0.00095465,-0.21264,-0.06734,1.526,1.7192,2.9319,1554,1119.8,276.19,58.484,-7967.5,-309.09
60,2.3093e-15,5.4475e-15,1.7764e-15,75.521,80.702,54.07,-74.039,-71.778,-44.127,149.56,152.48,98.197,44.333,42.745,20.853,1965.4,1827.1,434.83,-0.019128,0.21414,0.15371,1.6414,1.7433,2.7843,1949,1811.9,431.2,-1645.9,16516,1376.3
60,-1.9984e-15,2.9014e-15,8.8818e-17,62.383,63.095,40.288,-53.69,-59.328,-37.624,116.07,122.42,77.912,36.416,35.94,16.883,1326.1,1291.7,285.03,0.14667,0.075802,0.057874,1.5722,1.6369,2.6928,1315.1,1280.9,282.66,6994.7,3474.9,275.02
60,2.8422e-15,3.5675e-15,1.0917e-15,74.531,79.206,40.64,-67.257,-61.674,-47.244,141.79,140.88,87.884,43.287,39.834,18.937,1873.8,1586.7,358.59,0.049808,0.13391,-0.24204,1.6461,1.7648,2.515,1858.1,1573.5,355.61,3989.5,8358,-1623.1
60,-3.4343e-15,3.3011e-15,-5.9212e-17,60.592,67.591,46.058,-66.038,-62.706,-42.02,126.63,130.3,88.079,41.785,38.461,18.173,1746,1479.2,330.25,-0.14883,-0.027505,0.29296,1.539,1.6631,2.6552,1731.4,1466.9,327.5,-10723,-1545.3,1736.3
60,-1.1842e-16,-1.1842e-16,6.6983e-16,57.295,60.769,31.209,-60.425,-52.579,-35.203,117.72,113.35,66.412,37.743,33.597,15.96,1424.5,1128.8,254.73,0.014752,0.19229,-0.17314,1.4561,1.6963,2.458,1412.7,1119.4,252.61,783.28,7201.3,-695.13
60,-4.4409e-16,3.4935e-15,-3.2567e-16,61.515,57.775,42.432,-69.179,-81.818,-45.185,130.69,139.59,87.617,41.774,38.022,19.808,1745,1445.7,392.36,-0.088392,-0.42893,-0.00012491,1.5277,1.9257,2.5439,1730.5,1433.7,389.09,-6363,-23284,-0.95864
60,-2.9162e-15,-2.4869e-15,-1.5987e-15,82.984,74.108,43.402,-69.482,-72.82,-51.502,152.47,146.93,94.904,47.636,41.656,20.607,2269.2,1735.2,424.63,0.18756,-0.00031005,-0.22684,1.5548,1.6762,2.9849,2250.3,1720.7,421.09,20022,-22.131,-1960.2
60,1.3027e-15,4.6037e-15,-1.5987e-15,60.187,60.975,42.83,-68.398,-63.612,-42.399,128.59,124.59,85.229,40.595,36.525,18.547,1648,1334.1,343.98,-0.27174,0.18743,0.1214,1.6541,1.6598,2.8103,1634.3,1323,341.11,-17953,9019.2,764.81
60,1.2434e-15,-2.7941e-16,5.9212e-17,80.956,76.727,40.277,-70.182,-68.071,-51.73,151.14,144.8,92.007,44.372,42.877,24.92,1968.9,1838.4,620.99,0.050516,0.15604,-0.14745,1.6594,1.633,1.7945,1952.5,1823.1,615.82,4358.2,12147,-2253.4
60,-2.783e-15,-4.0264e-15,7.8456e-16,63.341,69.52,45.6,-62.531,-63.989,-45.759,125.87,133.51,91.36,40.445,38.782,19.721,1635.8,1504,388.93,-0.091212,0.061068,0.12896,1.4724,1.779,2.8241,1622.2,1491.5,385.69,-5959.5,3517.5,976.78
60,1.3619e-15,-1.2434e-15,8.8818e-17,56.598,67.95,30.38,-68.71,-53.299,-38.912,125.31,121.25,69.291,41.43,35.547,17.309,1716.5,1263.6,299.61,-0.19121,0.18443,-0.22747,1.5609,1.7695,2.2916,1702.2,1253.1,297.11,-13428,8181.2,-1165
60,3.7007e-15,4.4409e-15,1.0362e-15,65.748,58.865,59.225,-56.092,-65.997,-43.835,121.84,124.86,103.06,40.844,39.023,19.64,1668.3,1522.8,385.73,0.16834,-0.094927,0.22603,1.5157,1.6717,3.084,1654.4,1510.1,382.52,11327,-5570.4,1691
60,1.6579e-15,3.908e-15,1.9984e-15,62.902,62.319,40.759,-58.129,-62.184,-42.91,121.03,124.5,83.67,42.553,35.529,19.728,1810.8,1262.3,389.2,0.0698,0.015903,-0.28013,1.3739,1.8028,2.5874,1795.7,1251.8,385.96,5311.3,704.32,-2124.1
60,1.8948e-15,4.9738e-15,-2.3389e-15,64.345,66.214,46.319,-69.082,-78.075,-44.726,133.43,144.29,91.045,42.066,41.956,20.845,1769.6,1760.3,434.51,-0.032266,-0.087606,0.0013148,1.5851,1.686,2.4436,1754.8,1745.6,430.89,-2371.9,-6389.4,11.76
60,-2.6053e-15,1.7764e-16,7.1054e-16,62.542,63.584,41.003,-67.146,-56.987,-39.791,129.69,120.57,80.793,41.413,37.829,18.27,1715,1431.1,333.8,-0.15365,0.10028,0.16174,1.5336,1.5574,2.5714,1700.7,1419.1,331.02,-10776,5361,974.09
60,-2.0724e-15,-4.4409e-16,-1.7764e-16,53.665,63.21,41.112,-55.306,-49.826,-29.318,108.97,113.04,70.43,35.637,33.53,15.269,1270,1124.3,233.14,0.0060856,0.31375,0.2441,1.5203,1.7581,2.7617,1259.4,1114.9,231.19,272,11680,858.07
60,1.3027e-15,-1.0658e-15,-2.5461e-15,72.074,70.914,40.142,-70.836,-65.766,-37.625,142.91,136.68,77.767,45.255,39.833,18.14,2048,1586.6,329.05,0.021606,0.12452,-0.19357,1.5665,1.6833,2.5108,2031,1573.4,326.3,1977.5,7771.6,-1141
60,-4.737e-16,-7.4015e-16,-2.6941e-15,62.345,63.702,42.403,-61.258,-60.466,-43.12,123.6,124.17,85.523,40.121,35.473,17.749,1609.7,1258.4,315.02,-0.044931,-0.039323,0.024469,1.4973,1.8535,2.7899,1596.3,1247.9,312.39,-2865.6,-1733.4,135.1
60,-9.0298e-16,1.4211e-15,1.8652e-15,72.286,68.873,52.2,-69.654,-73.501,-52.474,141.94,142.37,104.67,46.155,42.449,21.678,2130.3,1801.9,469.94,0.078836,-0.051488,0.21001,1.4785,1.6675,2.7722,2112.5,1786.9,466.03,7654.6,-3889.2,2112.8
60,2.7534e-15,-2.5461e-15,-2.5165e-15,65.571,62.731,31.788,-69.478,-62.319,-37.168,135.05,125.05,68.956,41.883,37.32,18.124,1754.2,1392.8,328.46,-0.049692,0.052053,-0.2589,1.5664,1.7692,2.057,1739.6,1381.2,325.73,-3605.5,2671.9,-1522
60,-9.4739e-16,-1.6431e-15,2.8422e-15,58.004,71.608,43.538,-69.906,-63.076,-40.853,127.91,134.68,84.392,42.572,39.784,19.149,1812.4,1582.8,366.68,-0.14294,0.013668,0.21404,1.5089,1.695,2.3997,1797.3,1569.6,363.62,-10892,849.92,1484.2
60,-1.4803e-16,8.8818e-16,4.1448e-15,65.247,58.5,42.448,-77.315,-76.502,-45.201,142.56,135,87.649,39.894,38.385,18.925,1591.5,1473.4,358.17,-0.12915,-0.28802,0.029695,1.6632,1.7449,2.4472,1578.3,1461.2,355.19,-8098.1,-16087,198.78
60,1.2138e-15,2.0724e-15,-7.1054e-16,75.476,60.416,61.752,-60.658,-83.511,-40.324,136.13,143.93,102.08,41.172,39.183,22.579,1695.1,1535.3,509.8,0.099872,-0.36823,0.53564,1.5744,1.9247,2.7426,1681,1522.5,505.55,6883.4,-21876,6088.6
60,-1.5691e-15,2.2501e-15,-5.033e-16,67.316,73.458,65.621,-68.024,-62.72,-39.348,135.34,136.18,104.97,40.312,37.818,21.573,1625,1430.2,465.4,-0.068752,0.037035,0.5705,1.6403,1.7206,3.3374,1611.5,1418.3,461.52,-4447.6,1978.1,5656.5
60,3.5527e-16,-3.1382e-15,-5.181e-16,71.206,68.142,44.366,-66.74,-67.253,-43.6,137.95,135.39,87.966,43.329,36.524,21.27,1877.4,1334,452.41,-0.029619,0.085478,0.078721,1.5416,1.8902,2.0373,1861.8,1322.9,448.64,-2379.3,4112.9,748.06
60,-2.4869e-15,-8.2897e-16,2.5831e-15,52.135,47.866,31.026,-53.647,-50.28,-34.053,105.78,98.146,65.079,33.436,31.703,13.952,1118,1005.1,194.67,0.02599,-0.027102,-0.078033,1.5206,1.5503,2.4862,1108.7,996.71,193.04,959.41,-852.82,-209.3
60,1.6579e-15,6.5133e-16,-2.7386e-16,56.249,51.851,43.038,-56.433,-52.917,-32.512,112.68,104.77,75.551,39.849,31.958,17.249,1588,1021.3,297.52,-0.020991,-0.13506,0.15601,1.3532,1.7172,2.3127,1574.7,1012.8,295.04,-1311.8,-4353,790.61
60,-1.5395e-15,7.1054e-16,-2.9236e-16,67.495,69.704,48.233,-68.708,-62.726,-44.858,136.2,132.43,93.092,44.072,38.311,19.137,1942.3,1467.8,366.21,-0.038105,0.10502,-0.31529,1.5162,1.7194,2.6588,1926.1,1455.5,363.16,-3221.1,5831.8,-2182
60,1.8652e-15,3.6711e-15,4.1448e-16,65.006,56.943,45.728,-60.737,-66.129,-39.313,125.74,123.07,85.041,39.121,36.67,17.496,1530.5,1344.7,306.12,0.02228,-0.15003,-0.039987,1.5195,1.6945,2.7083,1517.7,1333.5,303.57,1317.4,-7305.9,-211.5
60,1.7764e-15,7.6975e-16,-1.1842e-16,66.412,63.804,35.773,-61.094,-63.052,-38.802,127.51,126.86,74.575,40.874,35.995,18.665,1670.7,1295.6,348.37,-0.080342,0.073854,-0.11952,1.4591,1.6872,1.9294,1656.8,1284.8,345.47,-5417.9,3401.3,-767.43
60,3.1826e-15,-1.3619e-15,-2.3685e-16,63.726,68.223,72.599,-67.746,-60.194,-31.748,131.47,128.42,104.35,40.859,36.761,23.43,1669.5,1351.4,548.97,-0.06849,0.17271,1.0975,1.5863,1.7786,3.4472,1655.5,1340.1,544.39,-4613.6,8472.6,13940
60,-2.3685e-16,1.7912e-15,1.3915e-15,67.515,55.733,38.621,-63.017,-69.483,-46.272,130.53,125.22,84.893,42.629,35.271,17.828,1817.2,1244,317.84,0.048739,-0.1847,-0.20599,1.5045,1.8531,2.8809,1802,1233.6,315.19,3728.5,-8002.9,-1152.7
60,5.033e-16,-1.0658e-15,-3.2567e-16,61.246,65.198,37.154,-67.557,-55.833,-39.027,128.8,121.03,76.181,40.22,36.509,17.396,1617.6,1332.9,302.62,-0.20372,0.26152,-0.070938,1.6361,1.824,2.5214,1604.1,1321.8,300.1,-13089,12568,-368.78
60,-1.6875e-15,1.5987e-15,-8.8818e-16,61.845,64.702,41.351,-64.157,-58.739,-39.772,126,123.44,81.123,40.93,38.707,18.741,1675.3,1498.2,351.22,-0.14124,0.1022,-0.16696,1.5748,1.6278,2.4178,1661.3,1485.7,348.3,-9563.9,5852.7,-1085.3
60,-2.1908e-15,1.4211e-15,1.1546e-15,64.229,55.09,43.179,-61.701,-65.207,-44.499,125.93,120.3,87.677,38.861,36.05,18.95,1510.1,1299.6,359.09,-0.025374,-0.13044,0.14381,1.5892,1.6556,2.6243,1497.6,1288.8,356.1,-1470.5,-6034.9,966.39
60,6.5133e-16,7.1054e-16,-8.5857e-16,61.265,61.533,34.645,-57.078,-65.969,-36.402,118.34,127.5,71.047,37.846,36.916,16.616,1432.3,1362.8,276.09,0.10431,0.019966,0.048988,1.5446,1.7811,2.4667,1420.4,1351.5,273.79,5583.7,991.96,221.93
60,7.6975e-16,2.0132e-15,-5.3291e-16,58.972,61.23,40.284,-63.235,-60.523,-43.34,122.21,121.75,83.624,39.464,37.217,17.853,1557.4,1385.1,318.72,-0.11717,0.034725,0.25476,1.4884,1.6494,2.7024,1544.4,1373.6,316.07,-7112,1767.7,1431.5
60,-4.1448e-16,-2.3093e-15,6.5133e-16,68.428,74.704,48.047,-77.019,-65.395,-49.517,145.45,140.1,97.565,48.497,41.297,22.246,2351.9,1705.4,494.87,-0.098352,0.085442,-0.17112,1.4634,1.7885,2.4194,2332.3,1691.2,490.75,-11078,5942.4,-1860.3
60,2.8422e-15,-3.7303e-15,1.7023e-15,69.437,69.021,46.88,-65.481,-64.446,-43.163,134.92,133.47,90.042,41.66,39.594,19.496,1735.6,1567.7,380.09,0.061656,0.077254,0.26022,1.5918,1.72,2.8316,1721.1,1554.6,376.93,4402.4,4735.3,1904.3
60,2.4055e-16,2.4869e-15,-1.4359e-15,53.913,57.554,38.223,-60.313,-54.652,-33.758,114.23,112.21,71.981,39.282,30.899,16.51,1543.1,954.73,272.59,-0.0084743,0.18202,0.20165,1.3676,1.8065,2.4832,1530.2,946.77,270.32,-507.27,5302.7,896.21
60,-8.8818e-16,-1.3323e-15,6.9204e-16,59.471,52.506,33.018,-62.491,-59.713,-39.728,121.96,112.22,72.746,36.888,35.528,16.395,1360.7,1262.3,268.79,-0.095339,-0.21488,-0.039706,1.6373,1.6083,2.4708,1349.4,1251.7,266.55,-4725.7,-9516.3,-172.79
60,-6.9574e-16,6.5133e-16,-1.0658e-15,57.167,63.514,42.589,-76.951,-70.802,-38.36,134.12,134.32,80.949,41.628,40.131,19.86,1732.9,1610.5,394.41,-0.31852,-0.21887,0.015406,1.6657,1.6553,2.3451,1718.5,1597.1,391.13,-22691,-13970,119.17
60,1.4507e-15,-2.3685e-16,7.4015e-16,58.265,69.777,48.568,-76.019,-63.632,-44.438,134.28,133.41,93.006,41.36,36.086,19.093,1710.7,1302.2,364.56,-0.32413,0.076651,0.11167,1.653,1.765,2.72,1696.4,1291.4,361.52,-22648,3557,767.62
60,-1.8356e-15,-1.5691e-15,1.5987e-15,65.93,61.843,42.498,-67.75,-73.568,-38.067,133.68,135.41,80.566,42.19,40.265,19.387,1780,1621.2,375.86,0.035451,-0.16854,-0.14415,1.5598,1.6102,2.0203,1765.1,1607.7,372.73,2629,-10864,-1037.3
60,-1.6579e-15,-2.3685e-15,-7.5495e-16,54.802,73.521,38.135,-63.137,-49.631,-36.13,117.94,123.15,74.265,37.458,33.932,17.252,1403.1,1151.4,297.64,-0.23135,0.62166,0.2096,1.621,2.1295,2.6241,1391.4,1141.8,295.16,-12008,23984,1062.9
60,1.1842e-15,7.1054e-16,1.7764e-16,62.975,60.479,38.593,-60.484,-60.644,-39.457,123.46,121.12,78.05,38.536,35.686,16.843,1485,1273.5,283.68,0.0013922,-0.076962,-0.0041277,1.4959,1.7046,2.5033,1472.7,1262.9,281.32,78.68,-3454.1,-19.477
60,-6.2172e-16,4.4409e-16,-1.7764e-15,62.742,68.648,40.421,-61.743,-59.379,-33.549,124.48,128.03,73.97,40.827,39.4,17.568,1666.9,1552.4,308.64,0.10721,0.06115,0.12009,1.5301,1.6377,2.2486,1653,1539.4,306.07,7205.4,3693.5,643.03
60,-1.7171e-15,2.1908e-15,6.0692e-16,65.186,59.666,38.142,-61.59,-65.092,-41.803,126.78,124.76,79.945,39.849,37.543,18.81,1587.9,1409.5,353.83,0.11331,-0.24166,-0.21919,1.6721,1.6336,2.3487,1574.7,1397.8,350.88,7080.6,-12629,-1440.7
60,2.6645e-16,1.3027e-15,1.4026e-15,64.458,64.701,39.254,-66.811,-66.731,-47.355,131.27,131.43,86.609,40.739,38.271,18.788,1659.6,1464.6,353,0.024586,-0.13078,0.01138,1.5579,1.6796,2.4544,1645.8,1452.4,350.05,1641.5,-7239.2,74.533
60,9.4739e-16,4.5889e-15,1.7764e-15,63.257,65.559,49.302,-69.756,-70.457,-44.443,133.01,136.02,93.744,43.757,39.384,19.609,1914.7,1551.1,384.51,-0.15739,-0.16517,0.12833,1.5112,1.8017,2.7391,1898.7,1538.2,381.31,-13022,-9964.2,955.53
60,-2.3685e-15,3.153e-15,-2.4869e-15,84.48,65.994,41.738,-63.114,-76.217,-46.731,147.59,142.21,88.469,46.732,42.517,21.568,2183.9,1807.7,465.16,0.32069,-0.18734,-0.038506,1.6166,1.7142,2.4405,2165.7,1792.6,461.28,32321,-14219,-381.49
60,1.7764e-16,-3.7303e-15,6.5133e-16,60.435,55.762,32.254,-56.632,-57.804,-39.735,117.07,113.57,71.99,37.586,33.385,16.444,1412.7,1114.5,270.4,0.085859,0.00056662,-0.34796,1.5195,1.6793,2.6983,1400.9,1105.2,268.15,4502,20.82,-1527.9
60,-1.7764e-15,-1.1842e-15,3.5527e-16,57.23,61.486,34.724,-55.902,-49.886,-42.1,113.13,111.37,76.824,35.772,33.599,15.892,1279.6,1128.9,252.55,-0.044332,0.35716,-0.1946,1.5482,1.8035,2.6938,1269,1119.5,250.45,-2004,13378,-771.31
60,5.8028e-15,3.7303e-15,8.8818e-17,77.788,73.846,54.695,-77.093,-71.471,-50.963,154.88,145.32,105.66,49.878,43.681,22.038,2487.8,1908.1,485.68,-0.030619,0.036662,0.12995,1.4177,1.6088,2.8673,2467,1892.2,481.63,-3751.9,3017.6,1373.6
60,4.1448e-15,-1.9688e-15,-1.0011e-15,78.65,69.296,44.716,-76.586,-67.118,-45.616,155.24,136.41,90.332,50.245,40.783,20.928,2524.6,1663.3,437.99,-0.028942,-0.031724,0.055849,1.526,1.8007,2.5781,2503.5,1649.4,434.34,-3625.4,-2125.2,505.55
60,-1.7764e-15,1.125e-15,1.7764e-15,62.994,67.911,44.134,-71.815,-63.98,-40.847,134.81,131.89,84.981,44.179,41.17,19.313,1951.8,1694.9,373.01,-0.15981,0.077018,-0.011408,1.6015,1.6126,2.5999,1935.5,1680.8,369.9,-13608,5307.3,-81.158
60,-4.6777e-15,-3.9672e-15,-2.2797e-15,69.101,73.252,45.818,-75.983,-68.423,-35.62,145.08,141.68,81.439,46.909,41.648,19.756,2200.4,1734.5,390.29,-0.11037,0.0029167,0.19463,1.5341,1.7174,2.446,2182.1,1720.1,387.04,-11250,208.08,1482
60,-9.4739e-16,-4.1892e-15,-1.1694e-15,75.72,66.747,42.677,-69.878,-74.482,-47.74,145.6,141.23,90.417,45.108,44.066,19.937,2034.7,1941.8,397.48,0.0098561,-0.21646,-0.15809,1.6585,1.7203,2.6584,2017.7,1925.6,394.17,893.3,-18291,-1237.1
60,1.7764e-15,-1.5987e-15,-3.2567e-16,67.297,74.364,37.652,-65.175,-62.042,-45.305,132.47,136.41,82.957,42.777,39.234,19.113,1829.8,1539.3,365.32,-0.049565,0.14105,0.089118,1.4882,1.7984,2.3639,1814.6,1526.5,362.27,-3831.3,8412.2,614.49
60,-7.9566e-17,2.6645e-15,-9.77e-16,62.828,68.613,49.589,-66.331,-65.163,-37.452,129.16,133.78,87.04,42.007,40.515,18.247,1764.6,1641.4,332.96,0.0056344,0.11668,0.16206,1.5521,1.6237,2.6406,1749.9,1627.8,330.19,412.44,7662.7,972.31
60,-2.4869e-15,-3.5527e-16,3.1382e-15,73.378,81.551,48.267,-75.905,-65.29,-52.58,149.28,146.84,100.85,48.264,43.109,21.973,2329.4,1858.4,482.79,-0.10937,0.16083,-0.089106,1.5063,1.7028,2.687,2310,1842.9,478.77,-12143,12724,-933.47
60,7.4607e-15,1.7764e-16,5.033e-16,74.272,66.738,47.653,-71.903,-67.723,-50.13,146.18,134.46,97.783,45.464,41.448,20.345,2067,1718,413.93,0.045574,-0.11589,-0.059997,1.5858,1.6313,2.9283,2049.8,1703.6,410.48,4229.3,-8149.2,-498.96
60,-4.5889e-16,1.2434e-15,6.8464e-17,72.467,60.1,39.169,-63.863,-64.806,-41.538,136.33,124.91,80.708,43.444,38.422,18.381,1887.4,1476.3,337.87,0.19192,-0.055229,-0.12038,1.5407,1.6954,2.4947,1871.7,1464,335.06,15540,-3093.6,-738.32
60,-1.125e-15,1.7764e-16,1.5987e-15,65.053,65.517,42.369,-63.08,-57.321,-42.986,128.13,122.84,85.355,40.86,34.584,18.805,1669.5,1196.1,353.61,-0.0047423,0.1866,-0.046745,1.5196,1.7975,2.5816,1655.6,1186.1,350.67,-319.46,7622.4,-306.96
60,3.5527e-16,-6.8094e-16,1.0658e-15,63.724,66.081,36.066,-60.869,-55.112,-34.779,124.59,121.19,70.846,40.349,36.375,17.235,1628,1323.1,297.04,-0.062172,0.12525,-0.049177,1.4948,1.7052,2.2611,1614.5,1312.1,294.57,-4033,5953.1,-248.62
60,-1.4507e-15,-2.3685e-15,-3.7007e-16,60.832,65.624,42.058,-57.659,-55.264,-38.723,118.49,120.89,80.781,38.633,37.012,17.058,1492.5,1369.9,290.98,0.029207,0.14364,0.25307,1.4694,1.6188,2.7006,1480.1,1358.5,288.55,1663,7192.2,1240.5
60,6.5133e-16,-8.2897e-16,6.5133e-16,64.713,63.969,49.067,-69.635,-61.049,-43.29,134.35,125.02,92.358,44.865,37.249,18.768,2012.9,1387.5,352.25,-0.11857,0.074924,0.081807,1.4976,1.715,2.9532,1996.1,1375.9,349.31,-10575,3823.9,534.08
60,-5.3291e-16,6.1432e-16,-9.77e-16,67.75,68.763,46.629,-69.06,-60.039,-47.032,136.81,128.8,93.661,44.263,39.436,20.613,1959.2,1555.2,424.88,-0.13241,0.14311,-0.036115,1.56,1.7426,2.5792,1942.9,1542.2,421.34,-11339,8667.4,-312.34
60,1.2434e-15,-4.4409e-15,8.9558e-16,72.387,70.137,47.18,-75.059,-72.544,-44.753,147.45,142.68,91.933,46.477,43.962,19.826,2160.1,1932.6,393.06,-0.088611,0.023938,-0.16721,1.5776,1.599,2.5115,2142.1,1916.5,389.79,-8785.3,2008.5,-1286.8
60,-1.7171e-15,-6.5133e-16,1.1398e-15,64.915,63.063,41.569,-67.04,-64.966,-40.429,131.95,128.03,81.998,41.759,37.024,17.547,1743.8,1370.8,307.9,-0.010584,-0.045948,0.1403,1.5959,1.6741,2.8493,1729.3,1359.3,305.34,-761.1,-2302.8,748.57
60,-9.4739e-16,2.7237e-15,2.424e-15,84.21,80.512,48.925,-68.905,-70.538,-53.915,153.11,151.05,102.84,48.343,44.388,20.589,2337.1,1970.3,423.92,0.24552,0.047988,0.072479,1.575,1.7675,2.6685,2317.6,1953.9,420.39,27393,4144.6,624.72
60,1.5395e-15,8.2897e-16,1.9244e-15,78.437,67.028,54.783,-75.779,-78.213,-51.747,154.22,145.24,106.53,43.784,40.674,29.584,1917,1654.4,875.19,-0.075314,-0.04587,0.19346,1.6511,1.684,1.7542,1901,1640.6,867.89,-6242.5,-3048.1,4946.5
60,6.8094e-16,-1.1842e-16,1.0362e-16,76.583,85.298,49.112,-79.144,-72.116,-52.231,155.73,157.41,101.34,50.591,45.434,22.602,2559.4,2064.3,510.87,-0.036175,0.17858,0.076958,1.4996,1.8254,2.3339,2538.1,2047,506.61,-4625.6,16539,877.54
60,-2.6053e-15,-1.8948e-15,1.1529e-15,75.486,79.88,58.21,-66.998,-71.457,-39.099,142.48,151.34,97.309,43.532,41.774,21.025,1895.1,1745.1,442.06,0.10506,-0.065522,0.65638,1.5686,1.7907,2.9805,1879.3,1730.5,438.37,8558.9,-4716.9,6024.5
60,1.8948e-15,-2.5461e-15,-6.0692e-16,83.172,75.935,52.494,-78.966,-86.039,-52.572,162.14,161.97,105.07,52.068,49.449,24.143,2711,2445.2,582.86,0.10758,-0.19973,0.011768,1.5524,1.5775,2.3458,2688.4,2424.8,578,14997,-23850,163.53
60,5.3291e-16,1.4211e-15,-1.1842e-16,72.561,67.492,48.023,-71.118,-76.603,-48.072,143.68,144.09,96.095,45.429,44.528,21.049,2063.8,1982.7,443.05,-0.023707,-0.26175,-0.18751,1.5924,1.663,2.5953,2046.6,1966.2,439.36,-2194.9,-22821,-1726.8
60,-2.0428e-15,4.737e-16,3.8488e-15,68.893,73.434,42.78,-79.748,-69.255,-40.912,148.64,142.69,83.691,47.959,42.642,20.319,2300,1818.4,412.86,-0.21443,0.088847,0.025061,1.6202,1.729,2.3342,2280.9,1803.2,409.42,-23358,6803.1,207.61
60,-7.1054e-16,2.6201e-15,-1.4359e-15,71.038,78.797,40.148,-76.042,-58.125,-46.324,147.08,136.92,86.472,46.381,40.959,19.343,2151.2,1677.6,374.16,-0.14115,0.45889,-0.23058,1.6054,1.9591,2.5643,2133.2,1663.6,371.04,-13908,31138,-1648
60,1.4211e-15,2.2649e-15,-2.5313e-15,91.901,81.926,53.874,-81.022,-89.831,-55.207,172.92,171.76,109.08,54.23,53.054,23.85,2940.9,2814.8,568.84,0.14816,-0.13749,0.021798,1.6108,1.5965,2.6347,2916.4,2791.3,564.1,23334,-20276,292.05
60,-1.0658e-15,-6.5133e-16,1.1546e-15,67.278,55.283,51.865,-75.114,-75.161,-43.035,142.39,130.44,94.9,46.994,37.314,21.632,2208.4,1392.3,467.96,-0.12187,-0.39315,0.18417,1.4049,1.9817,2.1735,2190,1380.7,464.06,-12491,-20171,1841.1
60,2.0132e-15,6.2172e-16,-1.6283e-15,69.183,60.601,40.501,-66.899,-61.776,-36.009,136.08,122.38,76.51,42.858,38.898,17.49,1836.8,1513,305.91,0.10807,-0.077433,0.29371,1.4936,1.5682,2.6239,1821.5,1500.4,303.36,8401.8,-4500.4,1551.9
60,8.5117e-16,-8.5117e-16,2.5165e-16,71.329,72.8,42.973,-74.025,-71.09,-44.009,145.35,143.89,86.981,49.009,42.204,20.806,2401.9,1781.2,432.9,-0.05219,0.11755,-0.43641,1.5114,1.7637,2.3579,2381.9,1766.4,429.29,-6067,8726.3,-3881.7
60,1.5395e-15,8.8448e-16,1.4063e-15,92.983,92.354,63.368,-66.99,-67.094,-43.655,159.97,159.45,107.02,46.332,43.949,20.342,2146.6,1931.5,413.8,0.36481,0.27377,0.10216,1.9101,1.9784,2.961,2128.8,1915.4,410.35,35831,22950,849.22
60,0,-1.7393e-15,4.885e-16,70.182,75.406,40.526,-82.264,-72.025,-42.153,152.45,147.43,82.679,47.636,41.54,19.978,2269.2,1725.6,399.1,-0.074014,0.10238,0.016162,1.5669,1.8512,2.5212,2250.3,1711.2,395.78,-7900.9,7247.5,127.25
60,7.1054e-16,-2.783e-15,-3.5527e-16,71.869,82.08,64.937,-72.323,-75.094,-44.341,144.19,157.17,109.28,42.392,41.554,21.591,1797.1,1726.8,466.19,-0.097236,0.21146,0.076509,1.8351,1.846,2.8879,1782.1,1712.4,462.3,-7315.2,14984,760.51
60,-2.9606e-16,-2.9606e-16,2.1908e-15,74.489,82.755,53.625,-72.632,-64.507,-52.807,147.12,147.26,106.43,42.174,40.595,25.929,1778.6,1648,672.34,0.058455,0.12919,0.067172,1.8189,1.8465,2.0762,1763.8,1634.3,666.73,4330.1,8535.4,1156.4
60,-2.9606e-15,4.737e-16,-4.8295e-15,72.524,66.793,56.949,-71.895,-64.515,-58.111,144.42,131.31,115.06,41.239,38.021,29.823,1700.7,1445.6,889.42,0.052394,0.069881,-0.20244,1.7127,1.7612,1.7709,1686.5,1433.6,882.01,3628.7,3793.1,-5302.9
60,-1.806e-15,2.7237e-15,8.9928e-16,70.766,67.133,43.078,-75.907,-75.643,-45.449,146.67,142.78,88.527,44.868,40.568,20.134,2013.1,1645.7,405.39,-0.090916,-0.08281,-0.13099,1.6853,1.8304,2.5613,1996.4,1632,402.02,-8109.6,-5459.8,-1055.9
85,5.3291e-16,4.7962e-15,-2.6645e-16,85.692,76.28,61.247,-71.503,-81.625,-41.61,157.19,157.9,102.86,48.266,45.357,21.588,2329.6,2057.3,466.03,0.097136,0.062529,0.22399,1.5575,1.6286,2.7754,2310.2,2040.1,462.14,10786,5761.8,2225.3
85,-1.1842e-15,-4.737e-16,-9.77e-16,71.214,57.719,36.51,-53.568,-62.439,-35.48,124.78,120.16,71.99,36.371,35.003,16.943,1322.9,1225.2,287.07,0.35538,-0.1076,0.1244,1.7992,1.5796,2.5692,1311.9,1215,284.68,16885,-4557.1,597.51
85,2.5461e-15,-1.5099e-15,3.6207e-15,59.972,61.593,38.547,-62.54,-59.582,-50.386,122.51,121.17,88.932,42.109,38.794,17.574,1773.1,1505,308.84,-0.026709,-0.015925,-0.012706,1.4368,1.5513,2.899,1758.4,1492.4,306.26,-1969.3,-918.18,-68.101
85,1.3027e-15,0,-1.3323e-16,63.634,64.448,34.003,-62.195,-64.368,-69.674,125.83,128.82,103.68,39.451,36.037,18.137,1556.4,1298.7,328.97,-0.039649,0.064939,-0.72979,1.5761,1.7697,4.4188,1543.4,1287.8,326.23,-2404.1,3001.2,-4300.1
85,2.7237e-15,1.3323e-15,5.2106e-15,67.963,69.727,46.342,-63.463,-59.112,-44.227,131.43,128.84,90.569,42.112,38.136,25.095,1773.4,1454.4,629.75,0.072009,0.091293,-0.25476,1.5957,1.6515,1.9019,1758.6,1442.3,624.5,5310.6,5000.4,-3975.9
85,1.0658e-15,-1.7023e-16,4.737e-16,60.726,51.852,95.027,-59.955,-67.269,-29.485,120.68,119.12,124.51,38.364,35.674,23.813,1471.8,1272.7,567.04,0.0095162,-0.097042,2.0082,1.4892,1.5827,7.1571,1459.5,1262.1,562.32,530.61,-4350.9,26777
85,-1.1842e-15,1.6875e-15,-2.4721e-15,66.673,73.181,53.455,-78.512,-74.803,-50.193,145.18,147.98,103.65,46.104,42.479,21.718,2125.6,1804.5,471.68,-0.13819,0.023665,-0.2829,1.5628,1.7091,2.6798,2107.8,1789.5,467.75,-13373,1791.4,-2861.9
85,6.3949e-15,1.3027e-15,-5.3291e-16,72.138,70.494,42.332,-75.637,-68.166,-48.774,147.77,138.66,91.105,50.05,39.879,21.317,2505,1590.3,454.41,-0.031922,0.10663,-0.075755,1.4407,1.8469,2.1872,2484.2,1577,450.63,-3952.4,6677.9,-724.66
85,3.079e-15,-8.8448e-16,2.4943e-15,72.36,74.776,39.157,-77.153,-67.67,-50.228,149.51,142.45,89.385,45.123,41.758,20.716,2036.1,1743.7,429.17,-0.017817,0.046131,-0.12126,1.6668,1.7572,2.3331,2019.1,1729.2,425.59,-1616.5,3317.1,-1064.7
85,7.1054e-16,-2.5905e-16,-1.632e-15,65.911,65.137,56.082,-75.695,-67.458,-45.319,141.61,132.6,101.4,41.428,39.433,19.511,1716.3,1555,380.68,-0.20617,-0.021852,0.059041,1.6319,1.603,2.7204,1702,1542,377.5,-14477,-1323.2,433.05
85,-4.3817e-15,2.4869e-15,-1.7171e-15,68.653,71.016,44.079,-87.791,-72.429,-51.541,156.44,143.45,95.62,44.05,39.958,21.043,1940.4,1596.7,442.82,-0.11582,-0.14735,-0.24456,1.6826,1.7487,2.398,1924.3,1583.4,439.13,-9776.7,-9283.5,-2250.5
85,1.5395e-15,1.3323e-15,1.954e-15,75.968,72.323,47.3,-76.417,-70.174,-43.049,152.39,142.5,90.349,48.64,40.589,21.146,2365.9,1647.4,447.17,0.080369,0.023185,0.24253,1.4463,1.8247,2.4383,2346.1,1633.7,443.44,9133.1,1531,2264.7
85,9.4739e-16,-5.5659e-15,-3.9228e-16,70.977,68.068,47.224,-71.353,-67.033,-42.167,142.33,135.1,89.391,45.476,41.285,21.028,2068.1,1704.4,442.16,0.030409,0.057248,0.11333,1.4872,1.6801,2.4093,2050.9,1690.2,438.48,2824.3,3978.1,1040.5
85,5.9212e-16,-2.4277e-15,4.737e-16,64.821,69.604,41.956,-67.304,-68.594,-56.126,132.12,138.2,98.081,42.424,40.558,20.465,1799.8,1644.9,418.83,-0.0091586,-0.044476,-0.25469,1.55,1.6775,2.8114,1784.8,1631.2,415.34,-690.57,-2930.2,-2155.8
85,3.0198e-15,-6.5133e-15,-8.5857e-16,73.373,63.109,46.225,-70.22,-73.98,-45.164,143.59,137.09,91.389,46.022,39.749,20.199,2118,1580,408,0.093842,-0.11566,0.0039289,1.5008,1.6952,2.6764,2100.4,1566.8,404.6,9033.4,-7173,31.975
85,1.7764e-16,-2.7237e-15,3.8488e-16,78.917,73.34,50.466,-76.211,-79.279,-56.674,155.13,152.62,107.14,50.82,46.964,22.86,2582.6,2205.6,522.6,-0.048842,-0.012385,-0.28204,1.4609,1.6329,2.6865,2561.1,2187.3,518.24,-6330.5,-1266.9,-3327.4
85,0,6.5133e-16,7.9196e-16,59.816,63.355,44.943,-62.302,-63.622,-44.206,122.12,126.98,89.15,39.689,39.131,18.013,1575.2,1531.2,324.48,-0.028402,0.063345,0.067892,1.4958,1.5802,2.7853,1562.1,1518.4,321.77,-1753.5,3748.1,391.87
85,5.2403e-15,-3.2567e-15,-2.3537e-15,68.38,69.951,47.633,-75.181,-70.075,-52.832,143.56,140.03,100.47,46.372,42.035,21.371,2150.3,1766.9,456.71,-0.17003,0.0095359,-0.042904,1.4485,1.6602,2.6881,2132.4,1752.2,452.9,-16743,699.43,-413.52
85,-1.1842e-15,1.2286e-15,3.3751e-15,73.033,71.129,49.442,-79.89,-76.431,-45.396,152.92,147.56,94.838,50.093,44.025,21.099,2509.4,1938.2,445.18,-0.028478,-0.046591,-0.039534,1.4822,1.6404,2.7025,2488.4,1922.1,441.47,-3535.1,-3926.1,-366.72
85,1.5858e-15,1.4211e-15,2.9995e-15,72.655,68.01,47.994,-67.327,-69.808,-57.366,139.98,137.82,105.36,45.779,42.488,21.077,2095.7,1805.2,444.25,0.03666,0.059346,-0.13036,1.5215,1.6807,2.7499,2078.2,1790.2,440.55,3473.3,4495,-1205.4
85,-3.6119e-15,3.0716e-16,9.1778e-16,72.382,66.609,42.307,-62.507,-65.496,-49.807,134.89,132.11,92.114,42.883,41.642,18.668,1838.9,1734.1,348.49,0.025883,-0.058141,-0.11625,1.5095,1.6055,2.882,1823.6,1719.6,345.59,2015.6,-4146,-746.83
85,1.5395e-15,-5.8472e-16,-2.9606e-16,77.202,68.439,44.29,-69.054,-77.677,-44.358,146.26,146.12,88.648,45.789,42.858,20.343,2096.6,1836.8,413.83,0.17926,-0.14102,0.064548,1.575,1.7063,2.5275,2079.1,1821.5,410.38,16995,-10963,536.61
85,5.4771e-16,3.7896e-15,-1.806e-15,61.033,74.728,47.821,-77.592,-64.352,-40.116,138.62,139.08,87.937,44.179,41.904,19.785,1951.8,1755.9,391.46,-0.3851,0.14711,-0.017802,1.7009,1.6198,2.5434,1935.5,1741.3,388.2,-32793,10689,-136.16
85,-1.0066e-15,-3.6711e-15,-1.0362e-15,60.894,65.107,41.437,-65.707,-60.743,-42.102,126.6,125.85,83.539,41.372,39.351,19.977,1711.6,1548.5,399.06,-0.083007,0.098827,0.064413,1.4543,1.6747,2.4071,1697.4,1535.6,395.74,-5804.7,5946.8,507.09
85,-2.6053e-15,-2.3685e-16,8.8818e-17,76.465,69.552,43.167,-71.646,-67.828,-48.384,148.11,137.38,91.551,46.504,41.215,21.128,2162.6,1698.7,446.38,0.058771,0.025973,-0.20892,1.6127,1.6665,2.6263,2144.6,1684.5,442.66,5836.8,1795.7,-1945.7
85,2.4869e-15,2.9606e-15,2.3537e-15,65.899,69.873,45.653,-83.791,-71.174,-47.113,149.69,141.05,92.766,44.835,42.989,20.402,2010.2,1848.1,416.24,-0.46346,-0.17645,-0.21745,1.8307,1.6397,2.593,1993.5,1832.7,412.77,-41250,-13844,-1823.5
85,2.3093e-15,1.5691e-15,7.1054e-16,55.915,58.983,43.988,-62.544,-55.199,-37.789,118.46,114.18,81.777,39.063,35.753,17.056,1525.9,1278.3,290.91,-0.071491,0.033854,0.12023,1.493,1.5486,2.8169,1513.2,1267.7,288.49,-4208.2,1528,589.11
85,1.4211e-15,3.6711e-15,-5.3291e-16,81.2,77.262,45.092,-73.639,-70.389,-53.044,154.84,147.65,98.135,48.224,44.281,20.29,2325.5,1960.8,411.69,0.019059,0.051949,-0.060142,1.5714,1.6846,2.7287,2306.2,1944.5,408.26,2110.7,4454.3,-496.11
85,2.5461e-15,5.9212e-17,-4.2929e-16,58.9,50.274,36.853,-64.991,-65.987,-38.361,123.89,116.26,75.214,42.781,34.927,17.916,1830.2,1219.9,320.97,-0.1494,-0.42326,-0.078336,1.4058,1.9044,2.3861,1815,1209.7,318.29,-11552,-17809,-444.84
85,-3.5527e-15,-2.5165e-16,6.7354e-16,70.051,58.694,46.077,-71.153,-72.746,-48.202,141.2,131.44,94.279,45.284,40.405,19.578,2050.7,1632.6,383.3,0.048531,-0.26767,-0.13783,1.5473,1.7261,3.0061,2033.6,1619,380.11,4450.5,-17436,-1021.4
85,3.1382e-15,9.4739e-16,-5.6991e-16,73.257,68.992,50.294,-70,-70.012,-44.293,143.26,139,94.587,44.63,44.235,20.428,1991.8,1956.8,417.28,-0.0050491,-0.034659,0.027606,1.5976,1.5472,2.5052,1975.2,1940.5,413.81,-443.25,-2962.6,232.39
85,1.8356e-15,1.1842e-16,-2.7608e-15,85.205,69.132,52.151,-75.809,-80.587,-51.397,161.01,149.72,103.55,50.666,44.753,21.694,2567,2002.8,470.63,0.15155,-0.10044,0.044197,1.5776,1.709,2.668,2545.6,1986.1,466.71,19465,-8890.7,445.62
85,7.6975e-16,1.9688e-15,1.7468e-15,71.689,67.29,42.277,-74.182,-63.243,-42.577,145.87,130.53,84.854,43.199,39.921,18.653,1866.2,1593.6,347.94,-0.25678,0.0069967,-0.12348,1.6037,1.6396,2.645,1850.6,1580.4,345.04,-20443,439.58,-791.39
85,3.7303e-15,-4.8998e-15,-1.2064e-15,77.917,81.088,56.637,-73.056,-64.247,-44.578,150.97,145.33,101.21,48.681,44.113,21.515,2369.8,1945.9,462.91,0.049805,0.29269,0.13844,1.4655,1.7377,2.6523,2350.1,1929.7,459.05,5674.1,24811,1361.6
85,3.8488e-15,-3.7081e-15,-3.1678e-15,63.516,64.368,41.448,-75.91,-67.954,-47.338,139.43,132.32,88.786,46.909,40.627,20.086,2200.4,1650.5,403.45,-0.20197,-0.053789,-0.10347,1.4848,1.6756,2.2495,2182.1,1636.8,400.09,-20587,-3561.8,-828.07
85,-6.5725e-15,6.5133e-16,-1.0954e-15,72.324,77.377,57.062,-79.268,-78.825,-42.504,151.59,156.2,99.565,49.322,46.26,21.336,2432.7,2140,455.23,-0.052889,0.079401,0.29037,1.4647,1.6216,2.8748,2412.4,2122.2,451.44,-6266.6,7762.3,2785.2
85,1.6283e-15,1.6579e-15,1.7468e-15,76.186,77.12,43.356,-75.054,-68.091,-49.715,151.24,145.21,93.071,47.48,41.596,19.995,2254.4,1730.2,399.82,-0.045346,0.22834,-0.185,1.5375,1.7507,2.7433,2235.6,1715.8,396.49,-4793.1,16229,-1460.5
85,6.5133e-16,1.4803e-15,1.4803e-17,62.183,59.8,36.768,-58.609,-59.089,-34.422,120.79,118.89,71.191,37.84,36.196,15.668,1431.9,1310.2,245.49,-0.016819,-0.074734,0.19806,1.6237,1.7096,2.697,1419.9,1299.2,243.45,-899.94,-3499.9,752.32
85,-2.3685e-16,-3.9672e-15,5.7917e-16,55.595,61.879,43.787,-63.124,-57.675,-42.355,118.72,119.55,86.142,37.999,37.319,17.125,1443.9,1392.7,293.28,-0.16229,0.062424,-0.11565,1.5789,1.698,3.077,1431.9,1381.1,290.83,-8793.3,3204.1,-573.61
85,1.3027e-15,-6.5133e-16,-5.0515e-16,61.06,57.853,39.205,-67.911,-60.696,-35.603,128.97,118.55,74.808,38.909,34.246,17.572,1513.9,1172.8,308.76,-0.027689,0.011448,0.10716,1.4906,1.8278,2.37,1501.3,1163,306.19,-1610.7,454.02,574.11
85,-3.6711e-15,-1.954e-15,1.4803e-17,65.31,72.004,44.331,-76.108,-69.016,-53.399,141.42,141.02,97.73,46.866,42.264,20.895,2196.4,1786.2,436.62,-0.11524,0.075869,-0.24981,1.4444,1.5837,2.6245,2178.1,1771.4,432.98,-11714,5656.2,-2250.7
85,-8.8818e-16,-8.8818e-16,-5.033e-16,61.164,56.713,33.107,-50.322,-50.595,-37.465,111.49,107.31,70.572,38.236,33.743,16.166,1462,1138.6,261.33,0.20578,0.11361,0.037076,1.4585,1.6257,2.4018,1449.8,1129.1,259.15,11359,4310.5,154.68
85,-1.3619e-15,-4.737e-16,6.8094e-16,82.52,76.89,55.936,-76.432,-73.764,-47.12,158.95,150.65,103.06,45.771,41.188,25.266,2095,1696.5,638.35,0.10746,-0.031027,-0.14277,1.8283,2.0155,1.9374,2077.6,1682.3,633.03,10176,-2141,-2273.9
85,-9.77e-16,-3.079e-15,-1.3323e-15,69.099,72.828,43.878,-65.627,-57.417,-50.011,134.73,130.24,93.889,42.241,38.921,19.105,1784.3,1514.8,364.99,-0.00030549,0.21196,0.017214,1.5779,1.7131,2.7576,1769.4,1502.2,361.95,-22.738,12341,118.53
85,-1.0658e-15,-2.746e-15,5.9212e-16,75.4,73.565,50.901,-71.493,-60.146,-36.575,146.89,133.71,87.476,43.676,39.327,20.089,1907.6,1546.6,403.58,0.095327,0.13396,-0.064279,1.6288,1.7841,2.2305,1891.7,1533.7,400.22,7843.4,8045.9,-514.66
85,1.3027e-15,3.8488e-15,-9.3259e-16,77.71,71.141,42.33,-69.529,-71.118,-52.085,147.24,142.26,94.415,46.225,42.519,20.563,2136.7,1807.8,422.85,0.15004,0.080525,-0.012551,1.5973,1.673,2.3585,2118.9,1792.8,419.32,14634,6112.4,-107.77
85,-2.1316e-15,1.2434e-15,6.3098e-16,77.862,77.742,47.249,-58.267,-63.961,-41.69,136.13,141.7,88.939,42.638,41.99,18.692,1818,1763.1,349.38,0.30353,0.026771,-0.075428,1.7073,1.6217,2.8187,1802.9,1748.4,346.46,23236,1957.2,-486.43
85,1.5802e-15,2.3093e-15,1.1842e-16,66.434,56.075,41.646,-69.684,-67.15,-41.691,136.12,123.22,83.337,43.856,37.642,18.211,1923.3,1416.9,331.64,-0.11044,-0.29797,-0.030086,1.5315,1.7731,2.514,1907.3,1405.1,328.87,-9199.1,-15694,-179.43
85,2.9606e-16,-1.6579e-15,1.7468e-15,69.802,62.416,41.887,-59.62,-61.617,-36.88,129.42,124.03,78.768,39.307,38.122,17.34,1545,1453.3,300.67,0.19205,-0.050027,0.17357,1.6289,1.6295,2.8207,1532.2,1441.2,298.16,11518,-2737,893.64
85,1.5025e-15,-1.7764e-15,-1.4507e-15,63.949,58.988,39.517,-61.415,-61.499,-35.239,125.36,120.49,74.756,39.463,35.434,16.55,1557.4,1255.6,273.9,0.13072,0.024366,-0.063522,1.587,1.8109,2.5133,1544.4,1245.1,271.62,7933.5,1070.5,-284.36
85,1.3619e-15,-8.2897e-16,-2.6645e-16,57.487,58.971,44.069,-66.329,-58.528,-37.248,123.82,117.5,81.318,37.003,36.771,16.341,1369.2,1352.1,267.03,-0.063453,-0.026222,0.14906,1.5775,1.608,2.9837,1357.8,1340.8,264.8,-3174.7,-1287.4,642.29
85,-2.0502e-15,3.1974e-15,5.5067e-15,76.343,75.666,48.325,-75.622,-70.593,-41.983,151.96,146.26,90.308,49.172,38.018,21.206,2417.9,1445.4,449.68,-0.015794,0.085934,-0.027978,1.4391,1.9462,2.2699,2397.7,1433.3,445.93,-1854.3,4663.3,-263.46
85,1.6579e-15,6.6317e-15,-3.2641e-15,76.864,70.549,51.746,-64.981,-73.131,-46.215,141.85,143.68,97.962,45.376,42.064,20.827,2058.9,1769.4,433.78,0.21028,-0.099667,-0.11466,1.578,1.6983,2.5659,2041.8,1754.6,430.16,19401,-7325.2,-1022.9
85,-2.9606e-16,-1.3027e-15,1.3767e-15,62.573,62.8,34.823,-64.93,-63.283,-39.592,127.5,126.08,74.415,40.716,36.765,18.044,1657.8,1351.6,325.6,-0.088108,0.0064487,-0.10507,1.5236,1.7008,2.3574,1644,1340.4,322.89,-5873.1,316.45,-609.63
85,-1.3027e-15,6.5133e-16,7.9936e-16,78.02,59.358,61.475,-60.634,-75.167,-40.149,138.65,134.53,101.62,39.046,36.424,27.628,1524.6,1326.7,763.31,0.07244,-0.19287,0.44751,1.6363,1.8919,2.0561,1511.9,1315.7,756.95,4258.6,-9203.9,9319.7
85,-3.7303e-15,4.4233e-15,-6.5133e-16,65.527,63.624,40.008,-77.573,-69.787,-42.09,143.1,133.41,82.098,44.621,41.903,19,1991,1755.8,361,-0.12193,-0.11037,-0.13825,1.5363,1.5935,2.4511,1974.4,1741.2,357.99,-10697,-8019.3,-936.42
85,-1.2138e-15,8.2897e-16,2.5165e-16,76.415,76.416,55.635,-77.296,-68.303,-51.508,153.71,144.72,107.14,48.21,45.296,21.068,2324.2,2051.7,443.87,-0.051564,0.079886,0.13613,1.5677,1.6612,2.8287,2304.8,2034.6,440.18,-5705.6,7331.5,1257.2
85,5.9212e-17,7.1054e-16,-1.4803e-16,67.467,69.882,35.877,-59.572,-63.631,-45.426,127.04,133.51,81.303,37.38,36.313,16.949,1397.2,1318.6,287.26,0.086666,0.020752,-0.11657,1.629,1.8543,2.6905,1385.6,1307.6,284.87,4470,981.25,-560.45
85,-7.6975e-16,-1.6875e-15,-8.8818e-16,74.089,71.138,52.124,-72.538,-70.799,-51.192,146.63,141.94,103.32,48.11,46.029,22.095,2314.6,2118.7,488.18,-0.064558,0.074356,0.13126,1.4872,1.5642,2.7247,2295.3,2101,484.12,-7099,7161,1398.1
85,-2.9606e-16,2.1094e-15,2.0132e-15,59.493,55.644,34.37,-65.488,-65.172,-37.851,124.98,120.82,72.221,39.305,35.876,17.11,1544.9,1287.1,292.75,-0.13665,-0.16213,-0.067653,1.53,1.7584,2.3657,1532,1276.4,290.31,-8194.4,-7393.3,-334.64
85,-4.737e-15,-3.1826e-16,-3.4639e-15,85.311,71.663,43.396,-72.67,-76.411,-54.333,157.98,148.07,97.729,50.305,43.026,22.016,2530.5,1851.2,484.72,0.17111,-0.063396,-0.26913,1.5595,1.772,2.6828,2509.5,1835.8,480.68,21510,-4986.5,-2836.3
85,-1.2731e-15,3.3159e-15,1.2138e-15,67.806,61.309,55.216,-72.092,-76.063,-44.314,139.9,137.37,99.53,43.492,40.487,20.09,1891.6,1639.2,403.59,-0.0011253,-0.15522,0.37371,1.5524,1.6162,3.2033,1875.8,1625.5,400.23,-91.421,-10173,2992.3
85,-9.1038e-16,1.3027e-15,1.1287e-16,64.308,67.924,39.651,-69.337,-59.352,-42.437,133.65,127.28,82.089,41.921,38.899,18.473,1757.4,1513.1,341.25,-0.099916,0.12717,-0.0020257,1.57,1.6113,2.7309,1742.7,1500.5,338.41,-7269,7391.8,-12.611
85,-1.7764e-16,-3.3751e-15,-1.3027e-15,63.894,71.392,44.958,-78.143,-64.539,-42.366,142.04,135.93,87.324,48.106,40.216,20.24,2314.2,1617.3,409.64,-0.28133,-0.013851,-0.068713,1.5033,1.6958,2.3263,2294.9,1603.8,406.23,-30930,-889.67,-562.6
85,1.7764e-16,-2.0724e-16,-1.3027e-15,54.533,56.896,40.471,-65.405,-55.125,-40.849,119.94,112.02,81.32,38.457,35.047,16.65,1478.9,1228.3,277.22,-0.091162,0.068949,-0.21414,1.4814,1.601,2.5271,1466.6,1218,274.91,-5120.2,2931,-976.07
85,-3.2567e-16,-3.0198e-15,4.922e-16,71.463,70.411,45.271,-80.124,-76.676,-49.443,151.59,147.09,94.714,49.749,45.082,22.079,2475,2032.4,487.48,-0.183,-0.071065,-0.073452,1.5693,1.6337,2.6099,2454.3,2015.4,483.42,-22251,-6429.9,-780.71
85,-1.4211e-15,-5.9212e-16,7.7716e-16,63.226,58.245,38.937,-70.845,-65.428,-42.983,134.07,123.67,81.92,41.368,39.105,18.133,1711.4,1529.2,328.82,-0.14028,-0.15251,0.044089,1.6525,1.6652,2.7879,1697.1,1516.5,326.08,-9807.3,-9006.5,259.6
85,0,1.3027e-15,-6.1432e-16,78.179,78.818,55.786,-77.026,-75.456,-47.731,155.2,154.27,103.52,47.283,42.301,21.898,2235.7,1789.4,479.52,0.14295,-0.06003,0.033956,1.5668,1.7527,2.6208,2217,1774.5,475.52,14923,-4487.3,352.11
85,3.784e-15,7.6975e-16,8.8818e-16,63.535,58.494,61.171,-62.079,-63.017,-30.993,125.61,121.51,92.164,41.172,35.24,18.006,1695.1,1241.8,324.23,-0.046607,-0.10022,0.7666,1.4978,1.7235,3.7534,1681,1231.5,321.53,-3212.1,-4331.2,4419.7
85,2.5017e-15,-1.4803e-15,-5.9212e-16,61.996,61.314,40.129,-59.633,-59.975,-28.178,121.63,121.29,68.307,37.086,35.466,16.023,1375.4,1257.8,256.73,0.082175,0.013345,0.34249,1.5978,1.7656,2.6848,1363.9,1247.3,254.59,4139.2,587.87,1391.3
85,-1.4211e-15,4.737e-16,8.8818e-16,58.952,59.519,37.308,-63.15,-61.905,-39.808,122.1,121.42,77.116,42.363,37.659,19.114,1794.6,1418.2,365.35,-0.086336,-0.0020079,-0.25467,1.3872,1.6243,2.3499,1779.6,1406.4,362.31,-6481.7,-105.9,-1756.3
85,8.2897e-16,1.4803e-15,-1.7097e-15,66.785,53.412,42.678,-64.221,-57.603,-37.821,131.01,111.01,80.499,40.426,33.915,17.256,1634.3,1150.2,297.77,0.00031941,-0.14121,0.16284,1.4148,1.7105,2.6342,1620.7,1140.6,295.29,20.84,-5439.6,826.3
85,-2.4869e-15,-1.3156e-15,-1.9984e-15,75.147,74.479,49.172,-74.12,-71.676,-50.824,149.27,146.15,99.996,48.383,43.256,21.599,2340.9,1871,466.53,-0.033626,0.030313,-0.2055,1.5039,1.7848,2.7651,2321.4,1855.5,462.64,-3760.9,2422.7,-2044.9
85,-6.2172e-16,-1.7764e-16,1.9688e-15,79.581,69.89,45.563,-69.891,-75.615,-51.7,149.47,145.5,97.263,47.91,43.903,20.867,2295.3,1927.5,435.43,0.12785,-0.14091,-0.071422,1.5499,1.7235,2.4141,2276.2,1911.4,431.8,13884,-11776,-640.85
85,-6.3357e-15,1.806e-15,2.0132e-15,78.292,72.977,39.851,-70.204,-63.276,-45.797,148.5,136.25,85.648,44.283,37.91,25.461,1961,1437.2,648.25,0.050413,0.11971,-0.12975,1.5649,1.8129,1.6213,1944.7,1425.2,642.85,4323.3,6441,-2114.7
85,2.1908e-15,7.3719e-15,-1.769e-15,71.069,71.262,44.104,-71.946,-71.74,-46.456,143.01,143,90.56,43.385,40.525,19.753,1882.2,1642.3,390.2,-0.17494,0.044944,-0.029114,1.6015,1.7998,2.5693,1866.5,1628.6,386.95,-14107,2953.9,-221.6
85,7.8456e-16,-9.77e-16,-2.5165e-16,66.231,68.202,42.596,-69.672,-65.327,-41.471,135.9,133.53,84.067,42.537,39.373,18.95,1809.4,1550.3,359.12,-0.15201,0.076094,0.13605,1.4438,1.5639,2.4104,1794.3,1537.4,356.12,-11554,4586.8,914.29
85,1.7764e-16,-5.8472e-16,-1.1842e-16,66.334,67.417,57.7,-76.346,-66,-36.439,142.68,133.42,94.138,43.207,37.846,22.543,1866.9,1432.3,508.19,0.0063582,0.097723,0.63214,1.57,1.8751,2.4168,1851.3,1420.4,503.95,506.47,5231.3,7151.5
85,-2.9606e-17,0,-8.5857e-16,77.61,69.102,52.762,-73.48,-71.646,-40.496,151.09,140.75,93.257,45.486,41.961,19.914,2069,1760.7,396.56,0.051018,-0.022564,-0.0021762,1.5596,1.6178,2.5365,2051.8,1746.1,393.25,4741.5,-1646.3,-16.971
85,2.8422e-15,-2.9014e-15,1.3027e-15,82.77,75,45.504,-72.747,-66.875,-49.674,155.52,141.88,95.178,50.285,44.559,21.789,2528.6,1985.5,474.76,0.16974,0.11902,-0.14998,1.4684,1.6512,2.4168,2507.5,1969,470.8,21313,10399,-1532.1
85,-5.9212e-16,-2.5757e-15,-1.9244e-15,73.945,76.145,44.248,-68.222,-68.803,-41.33,142.17,144.95,85.578,45.828,42.216,19.436,2100.2,1782.2,377.76,-0.03117,0.20183,-0.009863,1.4906,1.7566,2.2979,2082.7,1767.3,374.61,-2962.6,14995,-71.513
85,-1.3619e-15,3.9968e-16,1.7171e-15,61.989,52.194,33.324,-58.586,-52.809,-30.841,120.58,105,64.165,39.383,32.195,15.428,1551,1036.5,238.04,0.14773,0.059169,0.068404,1.4498,1.6486,2.5467,1538.1,1027.9,236.05,8911.8,1949.9,248.08
85,-7.1054e-16,5.9212e-16,-1.6875e-15,65.739,54.9,34.639,-63.133,-64.991,-38.488,128.87,119.89,73.127,38.92,35.408,18.69,1514.7,1253.8,349.3,0.06934,-0.21069,-0.063706,1.6003,1.7674,2.1454,1502.1,1243.3,346.39,4036.8,-9236.7,-410.71
85,-2.6645e-15,-2.8422e-15,3.1678e-15,62.877,66.403,47.495,-82.428,-75.26,-48.185,145.31,141.66,95.68,46.295,44.361,20.937,2143.2,1967.9,438.35,-0.27784,-0.024009,-0.070635,1.5578,1.6254,2.744,2125.4,1951.5,434.69,-27224,-2069.8,-640.17
85,1.4507e-15,3.0198e-15,-1.6579e-15,60.713,60.946,40.063,-63.762,-58.047,-37.729,124.47,118.99,77.793,38.964,36.14,16.222,1518.2,1306.1,263.16,-0.052268,0.14277,0.36196,1.5232,1.6076,2.9342,1505.6,1295.2,260.96,-3053.4,6655.5,1525.9
85,-4.1448e-16,5.181e-16,9.6219e-16,67.905,55.457,43.503,-66.168,-66.912,-46.149,134.07,122.37,89.652,41.694,38.582,18.206,1738.4,1488.6,331.47,-0.065137,-0.2009,0.020632,1.5768,1.667,2.8374,1723.9,1476.2,328.7,-4662.3,-11394,122.95
85,4.1448e-16,3.3751e-15,2.683e-16,63.176,64.455,36.797,-72.622,-61.795,-40.512,135.8,126.25,77.309,44.347,39.637,18.693,1966.6,1571.1,349.44,-0.16325,-0.0054281,-0.1901,1.4927,1.6412,2.3975,1950.2,1558,346.53,-14060,-333.8,-1226.3
85,1.3841e-15,-6.8686e-15,2.4869e-15,58.589,64.521,33.964,-61.844,-59.263,-43.584,120.43,123.78,77.547,40.021,34.804,16.643,1601.7,1211.3,276.99,-0.076845,0.15375,-0.14045,1.5308,1.8806,2.764,1588.3,1201.2,274.68,-4864.2,6401.1,-639.38
85,-1.5395e-15,-1.3323e-15,-2.0576e-15,64.008,61.032,36.435,-60.28,-57.408,-41.117,124.29,118.44,77.551,40.396,34.506,18.36,1631.9,1190.7,337.1,0.14026,0.021962,-0.29764,1.4627,1.7583,2.6121,1618.3,1180.8,334.29,9130.9,891.06,-1819.2
85,-2.6053e-15,2.783e-15,-2.8718e-15,83.02,82.326,52.73,-79.227,-77.622,-51.241,162.25,159.95,103.97,51.631,47.163,23.168,2665.8,2224.3,536.77,0.13305,0.18071,0.15718,1.4612,1.7165,2.414,2643.6,2205.8,532.3,18085,18721,1930.4
85,2.3685e-16,2.7237e-15,8.8818e-17,70.969,72.312,44.094,-62.825,-65.822,-47.041,133.79,138.13,91.135,44.262,41.63,20.378,1959.1,1733.1,415.25,0.18009,0.08842,0.05281,1.5379,1.6911,2.6889,1942.8,1718.6,411.79,15422,6299.7,441.29
85,-2.7682e-15,1.5395e-15,8.6967e-16,57.957,56.561,33.886,-63.817,-60.991,-35.601,121.77,117.55,69.487,39.355,34.416,16.361,1548.8,1184.5,267.67,-0.08322,-0.087331,-0.22859,1.5181,1.7791,2.5005,1535.9,1174.6,265.44,-5009.2,-3515.7,-988.55
85,4.2633e-15,-2.3685e-15,2.1057e-15,67.213,65.921,48.6,-68.609,-64.693,-38.257,135.82,130.61,86.857,42.652,40.014,18.901,1819.2,1601.1,357.26,-0.034099,0.02211,-0.20078,1.5428,1.5912,2.4351,1804,1587.8,354.28,-2612.8,1398.9,-1338.9
85,-5.5067e-15,5.033e-16,-1.4803e-16,55.39,69.104,44.112,-59.946,-57.881,-40.37,115.34,126.98,84.483,39.873,36.244,18.882,1589.8,1313.7,356.51,-0.10331,0.1324,-0.017094,1.4292,1.7644,2.6535,1576.6,1302.7,353.54,-6467.1,6225.1,-113.63
85,-2.3093e-15,3.1086e-15,-1.1842e-16,56.196,61.39,34.224,-71.648,-54.683,-40.179,127.84,116.07,74.403,40.203,36.229,16.257,1616.3,1312.5,264.3,-0.21588,0.099639,0.013542,1.5578,1.6015,2.754,1602.8,1301.6,262.1,-13852,4678.7,57.463
85,2.8126e-16,-1.0658e-15,-5.9952e-16,72.619,58.937,47.717,-67.214,-59.122,-43.968,139.83,118.06,91.685,41.965,34.075,18.194,1761.1,1161.1,331.02,-0.0096898,-0.0013501,-0.028558,1.5443,1.8167,3.0159,1746.4,1151.4,328.26,-707.19,-52.748,-169.85
85,8.8818e-16,-2.4869e-15,3.2215e-15,72.82,67.197,51.681,-63.665,-59.889,-43.586,136.49,127.09,95.267,40.116,38.317,18.672,1609.3,1468.2,348.64,0.1643,0.048878,0.24452,1.6568,1.4847,2.9549,1595.9,1456,345.73,10475,2715.4,1571.9
85,7.1054e-16,3.8488e-16,-1.4803e-16,67.79,74.067,43.927,-69.669,-54.101,-40.337,137.46,128.17,84.265,47.794,39.322,19.76,2284.3,1546.2,390.47,-0.092213,0.32733,0.12704,1.3769,1.7729,2.3732,2265.3,1533.3,387.22,-9942,19653,968.03
85,-4.0264e-15,-2.1316e-15,2.2982e-15,59.572,56.633,32.53,-60.574,-65.003,-37.638,120.15,121.64,70.167,37.912,35.507,17.049,1437.3,1260.8,290.66,-0.075084,-0.23283,-0.11282,1.4463,1.7627,2.2987,1425.4,1250.3,288.24,-4040.5,-10293,-552.07
85,-3.5527e-16,-3.5527e-16,-7.4015e-18,70.296,59.423,40.783,-70.468,-66.947,-38.535,140.76,126.37,79.318,42.463,38.272,17.471,1803.1,1464.8,305.23,-0.099488,-0.16097,-0.021723,1.6169,1.7071,2.7709,1788,1452.6,302.69,-7522.1,-8911.3,-114.4
